Ag,Al,Au,B,Be,C,Ca,Ce,Co,Cr,Cu,Dy,Er,Fe,Gd,Ge,Hf,Ho,In,La,Li,Lu,Mg,Mn,Mo,Nb,Nd,Ni,P,Pb,Pd,Pr,Pt,Sc,Si,Sm,Sn,Sr,Ta,Tb,Ti,Tm,V,Y,Yb,Zn,Zr,AR,RS,Va,delta,EN,G,calculate G,K,calculate K,KG,KK
0,0,0,35,0,0,0,0,56,0,0,0,0,0,0,0,0,0,0,0,0,0,0,0,0,0,0,0,0,0,0,0,0,0,0,0,0,0,9,0,0,0,0,0,0,0,0,118.4,0.02428087,7.821015855,0.208332572,0.0018,93.8,NA,224.1,214.829181,0.997385606,0.011963899
0,0,0,35,0,0,0,0,58,0,0,0,0,0,0,0,0,0,0,0,0,0,0,0,0,0,0,0,0,0,0,0,0,0,0,0,0,0,7,0,0,0,0,0,0,0,0,118.2,0.024019432,7.771734738,0.207191184,0.0094,91.5,NA,215.7,214.3176068,0.998892397,0.012091462
0,0,0,0,0,15,0,0,0,10,0,0,2,64,0,0,0,0,0,0,0,0,0,0,9,0,0,0,0,0,0,0,0,0,0,0,0,0,0,0,0,0,0,0,0,0,0,130.65,0.027230557,10.31939359,0.198758642,0.0389,88.2,NA,166.8,102.2389279,0.999293958,0.00803769
0,0,0,6,0,15,0,0,0,15,0,0,2,48,0,0,0,0,0,0,0,0,0,0,14,0,0,0,0,0,0,0,0,0,0,0,0,0,0,0,0,0,0,0,0,0,0,127.6,0.03179384,9.847898131,0.220376956,0.0595,85.8,NA,191.1,104.6328818,0.996035402,0.008631858
0,0,0,6,0,15,0,0,7,15,0,0,0,41,0,0,0,0,0,0,0,0,0,0,14,0,0,0,0,0,0,0,0,0,0,0,0,0,0,0,0,0,0,2,0,0,0,127.35,0.031814988,9.804329477,0.221226304,0.0626,84.1,NA,192.5,104.519325,0.995110704,0.008692043
0,0,0,8,0,13,0,0,0,15,0,0,1,49,0,0,0,0,0,0,0,0,0,0,14,0,0,0,0,0,0,0,0,0,0,0,0,0,0,0,0,0,0,0,0,0,0,127.55,0.029750228,9.761059274,0.213236375,0.0552,82.5,NA,201,113.0554736,0.9966524,0.008738784
0,0,0,6,0,15,0,0,43,15,0,0,2,5,0,0,0,0,0,0,0,0,0,0,14,0,0,0,0,0,0,0,0,0,0,0,0,0,0,0,0,0,0,0,0,0,0,125.45,0.030438828,9.337038514,0.217362036,0.081,82,NA,,106.1942897,0.986939799,0.009362906
0,0,0,6,0,15,0,0,0,15,0,0,0,50,0,0,0,0,0,0,0,0,0,0,14,0,0,0,0,0,0,0,0,0,0,0,0,0,0,0,0,0,0,0,0,0,0,126.9,0.030755714,9.628792988,0.215576971,0.0713,82,NA,204,108.4560272,0.991555356,0.008936695
0,0,0,6,0,15,0,0,0,15,0,0,1,49,0,0,0,0,0,0,0,0,0,0,14,0,0,0,0,0,0,0,0,0,0,0,0,0,0,0,0,0,0,0,0,0,0,127.25,0.03127856,9.73834556,0.218021551,0.0654,81.9,NA,200,106.5101579,0.994001436,0.008782047
0,0,0,6,0,15,0,0,0,15,0,0,2,48,0,0,0,0,0,0,0,0,0,0,14,0,0,0,0,0,0,0,0,0,0,0,0,0,0,0,0,0,0,0,0,0,0,127.6,0.03179384,9.847898131,0.220376956,0.0595,81,NA,195,104.6328818,0.996035402,0.008631858
0,0,0,4,0,17,0,0,0,15,0,0,1,49,0,0,0,0,0,0,0,0,0,0,14,0,0,0,0,0,0,0,0,0,0,0,0,0,0,0,0,0,0,0,0,0,0,126.95,0.032801333,9.715631845,0.222721565,0.0756,80.8,NA,200,100.6812448,0.990600908,0.008825673
0,0,0,3,0,18,0,0,0,15,0,0,1,49,0,0,0,0,0,0,0,0,0,0,14,0,0,0,0,0,0,0,0,0,0,0,0,0,0,0,0,0,0,0,0,0,0,126.8,0.033560627,9.704274987,0.225041336,0.0807,80.2,NA,200,97.99966249,0.988624695,0.008847622
0,0,0,5.88,0,12.74,0,0,0,9.8,0,0,1.96,58.8,0,0,0,0,0,0,0,0,0,0,8.82,0,0,0,0,2,0,0,0,0,0,0,0,0,0,0,0,0,0,0,0,0,0,129.775,0.029312434,10.27411895,0.211841377,0.035758,79.6,NA,170.7,106.6166847,0.999784471,0.00808583
0,0,0,5.88,2,12.74,0,0,0,9.8,0,0,1.96,58.8,0,0,0,0,0,0,0,0,0,0,8.82,0,0,0,0,0,0,0,0,0,0,0,0,0,0,0,0,0,0,0,0,0,0,128.275,0.028466579,9.882519425,0.208508205,0.029758,79.2,NA,167.2,109.9087273,0.999991346,0.008549998
0,0,0,6,0,13,0,0,0,10,0,0,2,60,0,0,0,0,0,0,0,0,0,0,9,0,0,0,0,0,0,0,0,0,0,0,0,0,0,0,0,0,0,0,0,0,0,128.75,0.028657631,9.985243326,0.208220175,0.0371,79.2,NA,169.1,109.5631601,0.999630315,0.008431071
0,0,0,2,0,19,0,0,0,15,0,0,1,49,0,0,0,0,0,0,0,0,0,0,14,0,0,0,0,0,0,0,0,0,0,0,0,0,0,0,0,0,0,0,0,0,0,126.65,0.034318521,9.69291813,0.22734179,0.0858,78.9,NA,207,95.45721885,0.986467725,0.008869664
0,0,0,5.7,5,12.35,0,0,0,9.5,0,0,1.9,57,0,0,0,0,0,0,0,0,0,0,8.55,0,0,0,0,0,0,0,0,0,0,0,0,0,0,0,0,0,0,0,0,0,0,127.5625,0.02815426,9.728433573,0.208817689,0.018745,78.8,NA,167.9,110.4311849,0.999540835,0.008733774
0,0,0,5.88,0,12.74,0,0,0,9.8,0,0,0,58.8,0,0,0,0,0,0,0,0,0,0,8.82,0,0,0,0,0,0,0,0,0,0,0,0,0,0,0,0,0,2,1.96,0,0,0,128.973,0.028314825,10.030461,0.207268253,0.030566,78.1,NA,172.7,109.8634694,0.999973703,0.008367705
0,0,0,6,0,15,0,0,0,0,0,0,2,63,0,0,0,0,0,0,0,0,0,0,14,0,0,0,0,0,0,0,0,0,0,0,0,0,0,0,0,0,0,0,0,0,0,127.6,0.03179384,9.847898131,0.220376956,0.085,77.8,NA,178,105.2401379,0.985561617,0.008664656
0,0,0,6,0,15,0,0,0,6,0,0,0,59,0,0,0,0,0,0,0,0,0,0,14,0,0,0,0,0,0,0,0,0,0,0,0,0,0,0,0,0,0,0,0,0,0,126.9,0.030755714,9.628792988,0.215576971,0.0866,77.4,NA,188,108.8466363,0.984121919,0.008957534
0,0,0,6,0,15,0,0,0,4,0,0,0.5,60.5,0,0,0,0,0,0,0,0,0,0,14,0,0,0,0,0,0,0,0,0,0,0,0,0,0,0,0,0,0,0,0,0,0,127.075,0.031018085,9.683569274,0.216810653,0.08705,76.6,NA,184,107.9434495,0.984017067,0.008883909
0,0,0,5.7,0,12.35,0,0,0,9.5,0,0,1.9,57,0,0,0,0,0,0,0,0,0,0,8.55,0,0,5,0,0,0,0,0,0,0,0,0,0,0,0,0,0,0,0,0,0,0,129.0625,0.027278881,10.00128089,0.202731438,0.035745,76.6,NA,166.6,111.7496298,0.999628233,0.008409685
0,0,0,5.88,0,12.74,0,0,0,9.8,0,0,1.96,58.8,0,0,0,0,2,0,0,0,0,0,8.82,0,0,0,0,0,0,0,0,0,0,0,0,0,0,0,0,0,0,0,0,0,0,129.275,0.028442805,10.09750908,0.207249285,0.033958,76.3,NA,142.2,0.049977648,0.99984219,0.008290859
0,0,0,6,0,15,0,0,5.85,6,0,0,0.5,52.65,0,0,0,0,0,0,0,0,0,0,14,0,0,0,0,0,0,0,0,0,0,0,0,0,0,0,0,0,0,0,0,0,0,126.7825,0.030841149,9.614068605,0.216423824,0.086575,76.2,NA,190,108.0807037,0.984183481,0.008977632
0,0,0,6,0,16,0,0,0,4,0,0,0,50,0,0,0,0,0,0,0,0,0,10,14,0,0,0,0,0,0,0,0,0,0,0,0,0,0,0,0,0,0,0,0,0,0,126.2,0.032155762,9.528220135,0.221098954,0.0692,76.1,NA,180,103.4212761,0.992938738,0.009072263
0,0,0,3,0,18,0,0,5.85,6,0,0,0.5,52.65,0,0,0,0,0,0,0,0,0,0,14,0,0,0,0,0,0,0,0,0,0,0,0,0,0,0,0,0,0,0,0,0,0,126.3325,0.03311013,9.579998032,0.223472525,0.101875,75.3,NA,187,99.32768769,0.976155981,0.009045694
0,0,0,2,0,19,0,0,5.85,6,0,0,0.5,52.65,0,0,0,0,0,0,0,0,0,0,14,0,0,0,0,0,0,0,0,0,0,0,0,0,0,0,0,0,0,0,0,0,0,126.1825,0.033863641,9.568641175,0.22578187,0.106975,74.4,NA,188,96.71678811,0.973145245,0.009068575
0,0,0,23,0,0,0,0,0,0,0,0,0,71,0,0,0,0,0,0,0,0,0,0,0,6,0,0,0,0,0,0,0,0,0,0,0,0,0,0,0,0,0,0,0,0,0,127.65,0.02031221,9.518633041,0.182838997,-0.0355,73.4,NA,182.6,190.5429072,0.984139812,0.008941265
0,0,0,23,0,0,0,0,0,0,0,0,0,53.25,0,0,0,0,0,0,0,0,0,0,0,6,0,17.75,0,0,0,0,0,0,0,0,0,0,0,0,0,0,0,0,0,0,0,126.7625,0.01979058,9.307754943,0.18100488,-0.0213,73.4,NA,186.5,192.6724647,0.991328611,0.009256571
0,0,0,6,0,15,0,0,6.4,0,0,0,1,57.6,0,0,0,0,0,0,0,0,0,0,14,0,0,0,0,0,0,0,0,0,0,0,0,0,0,0,0,0,0,0,0,0,0,126.93,0.031088187,9.66231064,0.21762317,0.0941,73,NA,177,107.3800854,0.9798878,0.008922146
0,0,0,6,0,15,0,0,6.425,0,0,0,0.75,57.825,0,0,0,0,0,0,0,0,0,0,14,0,0,0,0,0,0,0,0,0,0,0,0,0,0,0,0,0,0,0,0,0,0,126.84125,0.030955689,9.634625485,0.217005747,0.0955875,73,NA,176,107.8688169,0.978866563,0.008961841
0,0,0,6,0,15,0,0,6.45,0,0,0,0.5,58.05,0,0,0,0,0,0,0,0,0,0,14,0,0,0,0,0,0,0,0,0,0,0,0,0,0,0,0,0,0,0,0,0,0,126.7525,0.030822701,9.606940331,0.216382451,0.097075,73,NA,175,108.3620176,0.977821704,0.009001835
0,0,0,6,0,15,0,0,6.475,0,0,0,0.25,58.275,0,0,0,0,0,0,0,0,0,0,14,0,0,0,0,0,0,0,0,0,0,0,0,0,0,0,0,0,0,0,0,0,0,126.66375,0.030689223,9.579255177,0.215753218,0.0985625,73,NA,175,108.859749,0.976753389,0.00904213
0,0,0,6,0,15,0,0,0,0,0,0,0,65,0,0,0,0,0,0,0,0,0,0,14,0,0,0,0,0,0,0,0,0,0,0,0,0,0,0,0,0,0,0,0,0,0,126.9,0.030755714,9.628792988,0.215576971,0.0968,73,NA,195,109.1086092,0.977957125,0.008971472
0,0,0,6,0,15,0,0,6.4875,0,0,0,0.125,58.3875,0,0,0,0,0,0,0,0,0,0,14,0,0,0,0,0,0,0,0,0,0,0,0,0,0,0,0,0,0,0,0,0,0,126.619375,0.0306223,9.565412599,0.215436353,0.09930625,73,NA,178,109.1103334,0.976210487,0.009062392
0,0,0,5,0,7,0,0,0,3,0,0,0,63,0,0,0,0,0,0,0,0,0,0,12,0,0,0,10,0,0,0,0,0,0,0,0,0,0,0,0,0,0,0,0,0,0,128.95,0.020688436,9.76654659,0.179397094,0.0614,68.8,NA,179,63.35733283,0.991486235,0.008739717
0,0,0,3,0,10,0,0,0,3,0,0,0,68,0,0,0,0,0,0,0,0,0,0,10,0,0,0,6,0,0,0,0,0,0,0,0,0,0,0,0,0,0,0,0,0,0,129.45,0.022615939,9.909949822,0.184099259,0.0578,67.6,NA,172,75.75251931,0.993624869,0.00855077
0,0,0,6,0,8,0,0,0,2,0,0,0,65,0,0,0,0,0,0,0,0,0,0,9,0,0,0,10,0,0,0,0,0,0,0,0,0,0,0,0,0,0,0,0,0,0,127.55,0.022746271,9.538477435,0.188935345,0.0625,66.8,NA,174,62.3344814,0.991878323,0.009048672
0,0,0,3,0,10,0,0,0,3,0,0,0,66,0,0,0,0,0,0,0,0,0,0,10,0,0,0,8,0,0,0,0,0,0,0,0,0,0,0,0,0,0,0,0,0,0,128.65,0.023146216,9.76384482,0.187590632,0.065,66.5,NA,172,67.10771714,0.991006966,0.008747974
0,0,0,0,0,0,0,0,0,0,0,0,0,0,0,0,0,0,0,0,0,0,0,0,0,35,0,60,0,0,0,0,0,0,0,0,5,0,0,0,0,0,0,0,0,0,0,139,0.000615569,11.29161704,0.035244457,-0.096,66.3,50.29411765,267,159.8918919,0.954187673,0.006926836
0,0,0,2,0,10,0,0,0,0,0,0,0,66,0,0,0,0,0,0,0,0,0,0,10,0,0,0,12,0,0,0,0,0,0,0,0,0,0,0,0,0,0,0,0,0,0,127.6,0.023420026,9.560850811,0.190559774,0.0824,66.1,NA,176,54.58804467,0.982327101,0.00904524
0,0,0,3,0,10,0,0,0,3,0,0,0,64,0,0,0,0,0,0,0,0,0,0,10,0,0,0,10,0,0,0,0,0,0,0,0,0,0,0,0,0,0,0,0,0,0,127.85,0.023637824,9.617739818,0.190891521,0.0722,66,NA,174,60.23388597,0.987937617,0.008952969
0,0,0,2,0,10,0,0,0,3,0,0,0,63,0,0,0,0,0,0,0,0,0,0,10,0,0,0,12,0,0,0,0,0,0,0,0,0,0,0,0,0,0,0,0,0,0,127.6,0.023420026,9.560850811,0.190559774,0.0773,65.3,NA,178,54.5551984,0.985200053,0.009038169
0,0,0,5,0,7,0,0,0,3,0,0,0,63,0,0,0,0,0,0,0,0,0,0,12,0,0,0,10,0,0,0,0,0,0,0,0,0,0,0,0,0,0,0,0,0,0,128.95,0.020688436,9.76654659,0.179397094,0.0614,65.2,NA,174,63.35733283,0.991486235,0.008739717
0,0,0,23,0,0,0,0,0,0,0,0,0,35.5,0,0,0,0,0,0,0,0,0,0,0,6,0,35.5,0,0,0,0,0,0,0,0,0,0,0,0,0,0,0,0,0,0,0,125.875,0.019219931,9.096876846,0.178812192,-0.0071,64.9,NA,203.8,194.8501612,0.996420558,0.009591085
0,0,0,0,0,9,0,0,0,0,0,0,0,80,0,0,0,0,0,0,0,0,0,0,0,0,0,0,11,0,0,0,0,0,0,0,0,0,0,0,0,0,0,0,0,0,0,129.3,0.019888055,9.785307134,0.173369952,0.0344,61,NA,148,57.36196319,0.998908603,0.008680151
0,0,0,0,0,0,0,0,0,0,0,0,0,0,0,0,0,0,0,0,0,0,0,0,0,27.2,0,60,0,0,0,0,0,0,0,0,6,0,6.8,0,0,0,0,0,0,0,0,139,0.000615569,11.29161704,0.035244457,-0.0992,59.4,51.62230272,189,158.5334743,0.951280039,0.006924006
0,0,0,2.5,0,5,0,0,0,2,0,0,0,68,0,0,0,0,0,0,0,0,0,0,5,0,0,5,12.5,0,0,0,0,0,0,0,0,0,0,0,0,0,0,0,0,0,0,130.125,0.016108088,9.859378034,0.158542189,0.03335,57.9,NA,149.7,56.89226472,0.998460177,0.008583839
0,0,0,2.5,0,5,0,0,0,0,0,0,0,70,0,0,0,0,0,0,0,0,0,0,5,0,0,5,12.5,0,0,0,0,0,0,0,0,0,0,0,0,0,0,0,0,0,0,130.125,0.016108088,9.859378034,0.158542189,0.03675,57.3,NA,150.1,56.91607417,0.997794759,0.008588159
0,0,0,2.5,0,5,0,0,0,0,0,0,0,70,0,0,0,0,0,0,0,0,0,0,5,0,0,5,12.5,0,0,0,0,0,0,0,0,0,0,0,0,0,0,0,0,0,0,130.125,0.016108088,9.859378034,0.158542189,0.03675,57.3,NA,150.1,56.91607417,0.997794759,0.008588159
0,0,0,2.5,0,5,0,0,0,0,0,0,0,74.5,0,0,0,0,0,0,0,0,0,0,5.5,0,0,0,12.5,0,0,0,0,0,0,0,0,0,0,0,0,0,0,0,0,0,0,130.4,0.016225372,9.925160367,0.158992201,0.0344,56.9,NA,145,56.88801103,0.998289422,0.008502282
0,0,0,0,0,0,0,0,3,0,0,0,0,0,0,0,8,0,0,0,0,0,0,0,0,28,0,56,0,0,0,0,0,0,0,0,5,0,0,0,0,0,0,0,0,0,0,139.9,0.001019618,11.54253604,0.045763712,-0.124,52.9,48.58782747,173.8,153.5113033,0.925984825,0.006687285
0,15,0,0,23.375,0,0,0,0,0,6.375,0,0,0,0,0,0,0,0,0,0,0,0,0,0,0,0,8.5,0,0,0,0,0,0,0,0,0,0,0,0,7.0125,0,0,0,0,0,39.7375,138.291875,0.015517953,12.10688788,0.17498872,-0.36592625,48.4,21.24363661,116.9,92.20176424,0.595713461,0.006067835
0,0,0,0,0,0,0,0,0,0,0,0,0,0,0,0,0,0,0,0,0,0,0,0,0,50,0,50,0,0,0,0,0,0,0,0,0,0,0,0,0,0,0,0,0,0,0,140,0.000638162,11.53802262,0.035714286,-0.145,48.1,50.66666667,,174.8571429,0.902580431,0.006673564
0,0,0,0,0,0,0,0,0,0,0,0,0,0,0,0,0,0,0,0,0,0,0,0,0,6,0,59,0,0,0,0,0,0,3,0,2,0,0,0,11,0,0,0,0,0,19,144.9,0.0073552,13.39352054,0.126783305,-0.15,47.5,NA,159.2,111.2003558,0.888405453,0.005382699
0,10,0,0,0,0,0,0,0,0,5,0,0,0,0,0,0,0,0,0,0,0,0,0,0,0,0,40,0,0,0,0,0,0,0,0,0,0,0,0,16.5,0,0,0,0,0,28.5,148.775,0.009094943,14.64200255,0.139927043,-0.23365,45.2,12.86737755,140.2,91.14939204,0.774695568,0.004695886
0,10,0,0,24.75,0,0,0,0,0,6.75,0,0,0,0,0,0,0,0,0,0,0,0,0,0,0,0,9,0,0,0,0,0,0,0,0,0,0,0,0,7.425,0,0,0,0,0,42.075,139.07375,0.016124375,12.33780888,0.177453742,-0.3703925,44.5,21.01746758,113.8,93.37266352,0.589870791,0.005905029
0,12,0,0,24.2,0,0,0,0,0,6.6,0,0,0,0,0,0,0,0,0,0,0,0,0,0,0,0,8.8,0,0,0,0,0,0,0,0,0,0,0,0,7.26,0,0,0,0,0,41.14,138.761,0.015885619,12.24544048,0.176500779,-0.368606,44.1,21.10735483,112.6,92.90075314,0.59219633,0.005969258
0,10,0,0,27.5,0,0,0,0,0,7.5,0,0,0,0,0,0,0,0,0,0,0,0,0,0,0,0,0,0,0,0,0,0,0,0,0,0,0,0,0,30,0,0,0,0,0,25,147.25,0.026602243,15.44346735,0.226761833,-0.34625,43.7,8.182596145,101.7,72.5450309,0.605744686,0.004305584
0,13,0,0,0,0,0,0,0,0,29.25,0,0,0,0,0,48,0,0,0,0,0,0,0,0,0,0,9.75,0,0,0,0,0,0,0,0,0,0,0,0,0,0,0,0,0,0,0,143.3,0.003358329,12.57019289,0.08141395,-0.324725,43.1,35.24024807,130.3,114.8749894,0.660646067,0.005781052
0,13,0,0,0,0,0,0,0,0,29.25,0,0,0,0,0,46,0,0,0,0,0,0,0,0,2,0,9.75,0,0,0,0,0,0,0,0,0,0,0,0,0,0,0,0,0,0,0,143.1,0.003295508,12.51362327,0.080709007,-0.318725,43.1,35.41541269,128.9,115.7280972,0.668398464,0.005822105
0,9,0,0,0,0,0,0,0,0,49,0,0,0,0,0,42,0,0,0,0,0,0,0,0,0,0,0,0,0,0,0,0,0,0,0,0,0,0,0,0,0,0,0,0,0,0,142.5,0.002970573,12.33763125,0.077113196,-0.2781,42.7,36.14039152,128.9,117.6139561,0.722396284,0.005968098
0,12,0,0,0,0,0,0,0,0,27.25,0,0,0,0,0,49,0,0,0,0,0,0,0,0,0,0,9.75,0,0,0,0,0,0,0,0,0,0,2,0,0,0,0,0,0,0,0,143.8,0.003261147,12.693647,0.080065858,-0.335825,42.4,35.46281498,127.6,115.9879123,0.646760873,0.005694406
0,0,0,0,28,0,0,0,0,0,10,0,0,0,0,0,0,0,0,0,0,0,0,0,0,0,0,11,0,0,0,0,0,0,0,0,0,0,0,0,15,0,0,2,0,0,34,142.55,0.020798926,13.62371027,0.201523124,-0.3407,41.7,14.22564072,103.7,88.34658758,0.619256726,0.005148287
0,13,0,0,0,0,0,0,0,0,0,0,0,0,0,0,62,0,0,0,0,0,0,0,0,0,0,25,0,0,0,0,0,0,0,0,0,0,0,0,0,0,0,0,0,0,0,146.1,0.003368266,13.31114798,0.080344959,-0.4072,41.3,34.5349894,128.8,114.4717624,0.562985055,0.005283187
0,5,0,0,26.125,0,0,0,0,0,7.125,0,0,0,0,0,0,0,0,0,0,0,0,0,0,0,0,9.5,0,0,0,0,0,0,0,0,0,0,0,0,7.8375,0,0,0,0,0,44.4125,139.855625,0.016699189,12.56872988,0.179651919,-0.37485875,40.5,20.7960636,115.8,94.57368458,0.584123643,0.005749455
0,0,0,0,22.05,0,0,0,0,0,12.25,0,0,0,0,0,0,0,0,0,0,0,0,0,0,0,0,9.8,0,0,0,0,0,0,0,0,0,0,0,0,13.72,0,0,2,0,0,40.18,144.867,0.017805683,14.0396384,0.184881628,-0.352827,40.2,14.82425844,,88.02809204,0.608363433,0.004927017
0,10,0,0,0,0,0,0,0,0,0,0,0,0,0,0,0,0,0,0,0,0,0,0,0,0,0,45,0,0,0,0,0,0,0,0,0,0,0,0,20,0,0,0,0,0,25,150,0.010169176,15.10163589,0.147572957,-0.223,40.2,11.26487218,108.7,88.43405208,0.787857323,0.004497033
0,10,0,0,0,0,0,0,0,0,2,0,0,0,0,0,0,0,0,0,0,0,0,0,0,0,0,40,0,0,2,0,0,0,0,0,0,0,0,0,18.4,0,0,0,0,0,27.6,149.74,0.009583066,14.96820407,0.143268517,-0.22784,39.8,11.89648451,131.2,89.22665458,0.782010896,0.004552514
0,5,0,0,27.5,0,0,0,0,0,7.5,0,0,0,0,0,0,0,0,0,0,0,0,0,0,0,0,0,0,0,0,0,0,0,0,0,0,0,0,0,30,0,0,0,0,0,30,148.75,0.025981896,15.81433236,0.222046003,-0.36025,39.7,8.210000214,98.3,73.0202633,0.590197448,0.004157311
0,10,0,0,0,0,0,0,0,0,4,0,0,0,0,0,0,0,0,0,0,0,0,0,0,0,0,40,0,0,0,0,0,0,0,0,0,0,0,0,18.4,0,0,0,0,0,27.6,149.64,0.009642372,14.94444316,0.143743481,-0.23384,39.6,11.90184777,132.3,88.97462574,0.773682083,0.004560268
0,0,0,0,22.5,1,0,0,0,0,12.5,0,0,0,0,0,0,0,0,0,0,0,0,0,0,0,0,9,0,0,0,0,0,0,0,0,0,0,0,0,14,0,0,0,0,0,41,143.5,0.019687259,13.73891771,0.192112178,-0.33975,39.5,NA,130.4,88.17128017,0.621741301,0.005087608
0,10,0,0,0,0,0,0,0,0,0,0,0,0,0,0,0,0,0,0,0,0,0,0,0,0,0,44,0,0,0,0,0,0,0,0,0,0,0,0,18.4,0,0,0,0,0,27.6,149.64,0.009642372,14.94444316,0.143743481,-0.23344,39.5,11.94549753,107.3,89.48011525,0.774231814,0.004560443
0,0,0,0,30,0,0,0,0,5,0,0,0,0,0,0,0,0,0,0,0,0,0,0,0,0,0,0,0,0,0,0,0,0,0,0,0,0,0,0,45,0,0,0,0,0,20,155,0.030309035,18.07803313,0.233731883,-0.351,39.2,5.900317615,114.5,65.11249284,0.59586996,0.003438276
0,10,0,0,15,0,0,0,0,0,15,0,0,0,0,0,0,0,0,0,0,0,0,0,0,0,0,10,0,0,0,0,0,0,0,0,0,0,0,0,0,0,0,0,0,0,50,139.5,0.009107922,11.92124456,0.129181515,-0.3625,38.8,40.69205448,110.9,102.2658227,0.607211421,0.006204168
0,0,0,0,22.5,0,0,0,0,0,12.5,0,0,10,0,0,0,0,0,0,0,0,0,0,0,0,0,0,0,0,0,0,0,0,0,0,0,0,0,0,14,0,0,0,0,0,41,144.65,0.017464695,13.94641467,0.182825761,-0.35415,38.7,14.71616923,109.8,89.87336953,0.607203428,0.004973154
0,0,0,0,0,0,0,0,0,0,0,0,0,16,0,0,0,0,0,0,0,0,0,0,0,0,0,0,20,0,64,0,0,0,0,0,0,0,0,0,0,0,0,0,0,0,0,132,0.008453947,10.0329903,0.121212121,0.2388,37.9,NA,169.8,44.09452945,0.791735467,0.008624437
0,0,0,0,0,0,0,0,0,0,0,0,0,0,0,0,0,0,0,0,0,0,0,0,0,0,0,64,20,0,16,0,0,0,0,0,0,0,0,0,0,0,0,0,0,0,0,128.8,0.007188131,9.272641101,0.112660603,0.1124,37.9,NA,169.8,44.19642857,0.946212918,0.009505575
0,0,0,0,0,0,0,0,0,0,50.4,0,0,0,0,0,0,0,0,0,0,0,0,0,0,0,0,5.6,0,0,0,0,0,0,0,0,0,0,0,0,31,0,0,0,0,0,13,154.65,0.011987896,16.7057488,0.158867325,-0.16034,37.4,7.943409766,115.1,79.37965647,0.869549504,0.003911598
0,23.5,0,0,0,0,0,0,0,0,0,0,0,0,0,0,0,0,0,0,0,0,0,0,0,0,0,23.5,0,0,0,0,0,0,0,0,0,0,0,0,0,0,0,0,0,0,53,143.25,0.004182742,12.6117195,0.090329943,-0.3679,37.4,35.47209635,126.5,95.9657156,0.606651315,0.005726251
0,0,0,0,27.5,0,0,0,0,0,7.5,0,0,0,0,0,0,0,0,0,0,0,0,0,0,0,0,10,0,0,0,0,0,0,0,0,0,0,0,0,8.25,0,0,0,0,0,46.75,140.6375,0.017242747,12.79965089,0.181600173,-0.379325,37.2,20.57927566,111.9,95.80600488,0.578470803,0.005600671
0,0,0,0,26.25,0,0,0,0,0,10.15,0,0,0,0,0,0,0,0,0,0,0,0,0,0,0,0,8.6,0,0,0,0,0,0,0,0,0,0,0,0,9.6,0,0,0,0,0,45.4,141.485,0.017360778,13.04514986,0.18242746,-0.371425,37,18.76944208,111.9,94.21822694,0.587276778,0.005456956
0,0,0,0,0,0,0,0,0,0,60,0,0,0,0,0,10,0,0,0,0,0,0,0,0,0,0,0,0,0,0,0,0,0,0,0,0,0,0,0,10,0,0,0,0,0,20,146.5,0.006130619,13.73624736,0.116291638,-0.202,36.9,17.35863235,128.2,102.1125675,0.822097895,0.005162353
0,0,0,0,27.5,0,0,0,0,0,15,0,0,0,0,0,0,0,0,0,0,0,0,0,0,0,0,0,0,0,0,0,0,0,0,0,0,0,0,0,24,0,0,0,0,0,33.5,146.65,0.023585291,15.00031429,0.212569696,-0.3489,36.8,9.893728083,113,79.52269387,0.606176863,0.004486559
0,2,0,0,27.5,0,0,0,0,0,7.5,0,0,0,0,0,0,0,0,0,0,0,0,0,0,0,0,0,0,0,0,0,0,0,0,0,0,0,0,0,30,0,0,0,0,0,33,149.65,0.025560745,16.03685137,0.219029056,-0.36865,36.7,8.226530939,161,73.3084032,0.581123036,0.004072429
0,0,0,0,0,0,0,0,0,0,0,0,0,0,0,0,0,0,0,0,0,0,0,0,0,0,0,80,20,0,0,0,0,0,0,0,0,0,0,0,0,0,0,0,0,0,0,128,0.006776404,9.082553801,0.109375,0.066,36.7,NA,97.2,44.19642857,0.982183887,0.009726549
0,0,0,0,0,0,0,0,0,0,60,0,0,0,0,0,0,0,0,0,0,0,0,0,0,0,0,0,0,0,0,0,0,0,0,0,1,0,0,0,10,0,0,0,0,0,29,146.4,0.006114706,13.70796255,0.116228654,-0.1927,36.6,17.37386399,100.7,99.21457752,0.834679641,0.005182673
0,0,0,0,22.5,0,0,0,0,0,12.5,0,0,0,0,0,0,0,0,0,0,0,0,0,0,0,0,10,0,0,0,0,0,0,0,0,0,0,0,0,14,0,0,0,0,0,41,144.15,0.017638852,13.82761011,0.184362691,-0.34615,36.5,14.69534838,175,90.1381086,0.616508124,0.005038022
0,0,0,0,0,0,0,0,0,0,0,0,0,0,0,0,0,0,0,0,0,0,0,0,0,0,0,40,20,0,40,0,0,0,0,0,0,0,0,0,0,0,0,0,0,0,0,130,0.007733533,9.55777205,0.116659622,0.182,36.5,NA,115.3,44.19642857,0.867055917,0.009189599
0,0,0,0,22,0,0,0,0,0,13,0,0,0,0,0,0,0,0,0,0,0,0,0,0,10,0,10,0,0,0,0,0,0,0,0,0,0,0,0,0,0,0,0,0,0,45,138.4,0.01084889,11.73351346,0.140188307,-0.3581,36.4,45.53997004,117.9,112.6340951,0.610357498,0.006348084
0,0,0,0,22.5,0,0,0,0,0,12.5,0,0,5,0,0,0,0,0,0,0,0,0,0,0,0,0,5,0,0,0,0,0,0,0,0,0,0,0,0,14,0,0,0,0,0,41,144.4,0.017553272,13.88701239,0.183601612,-0.35015,36.3,14.70575143,121.4,90.00554439,0.611836764,0.005005411
0,10,0,0,0,0,0,0,0,0,45,0,0,0,0,0,0,0,0,0,0,0,0,0,0,0,0,0,0,0,0,0,0,0,0,0,0,0,0,0,0,0,0,0,0,0,45,143,0.003098304,12.47515971,0.078496309,-0.2855,36.3,37.23352319,112.3,103.6945158,0.712282897,0.005869748
0,0,0,0,22.5,0,0,0,0,0,12.5,0,0,2,0,0,0,0,0,0,0,0,0,0,0,0,0,8,0,0,0,0,0,0,0,0,0,0,0,0,14,0,0,0,0,0,41,144.25,0.017604981,13.85137102,0.184060029,-0.34775,36.1,14.69950783,112.3,90.08503608,0.61463503,0.005024934
0,10,0,0,12.5,0,0,0,0,0,15,0,0,0,0,0,0,0,0,0,0,0,0,0,0,0,0,10,0,0,0,0,0,0,0,0,0,0,0,0,0,0,0,0,0,0,52.5,140.75,0.008291969,12.18998163,0.12294325,-0.3685,35.9,39.77249508,112,101.3148525,0.60112402,0.006007716
0,0,0,0,25,0,0,0,0,0,25,0,0,0,0,0,0,0,0,0,0,0,0,0,0,0,0,0,0,0,0,0,0,0,0,0,0,0,0,0,0,0,0,0,0,0,50,137.5,0.012102576,11.5880263,0.148824596,-0.3675,35.8,44.93617021,108.9,106.4893617,0.59784933,0.006453463
0,0,0,0,35,0,0,0,0,0,0,0,0,0,0,0,0,0,0,0,0,0,0,0,0,0,0,0,0,0,0,0,0,0,0,0,0,0,0,0,45,0,0,0,0,0,20,153.25,0.033338596,17.74578352,0.246167422,-0.3555,35.7,5.902267646,111.4,64.80817875,0.587216533,0.003529253
0,0,0,0,25,0,0,0,0,0,9.3,0,0,0.5,0,0,0,0,0,0,0,0,0,0,0,0,0,10.2,0,0,0,0,0,0,0,0,0,0,0,0,11,0,0,0,0,0,44,142.375,0.017457841,13.30315525,0.183086364,-0.36343,35.7,17.28501865,112.2,93.0961687,0.596357891,0.005312325
0,0,0,0,20,0,0,0,0,0,12,0,0,0,0,0,0,0,0,0,0,0,0,0,0,0,0,3,0,0,0,0,0,0,0,0,0,0,0,0,40,0,0,0,0,0,25,156,0.023606812,17.90770644,0.207617112,-0.3202,35.5,6.458163198,172.6,68.00174153,0.640878992,0.003493629
0,0,0,0,0,0,0,0,0,0,30,0,0,0,0,0,0,0,0,0,0,0,0,0,0,0,0,10,20,0,40,0,0,0,0,0,0,0,0,0,0,0,0,0,0,0,0,130,0.007733533,9.55777205,0.116659622,0.179,35.5,NA,109.6,43.2854466,0.870910148,0.009185326
0,0,0,0,25,0,0,0,0,0,20,0,0,0,0,0,0,0,0,0,0,0,0,0,0,0,0,0,0,0,0,0,0,0,0,0,0,0,0,0,11,0,0,0,0,0,44,142.35,0.017464071,13.29721502,0.183151276,-0.3641,35.3,17.04168204,159.4,91.66081049,0.595574712,0.005315307
0,0,0,0,0,0,0,0,0,0,30,0,0,0,0,0,0,0,0,0,0,0,0,0,0,0,0,10,21,0,39,0,0,0,0,0,0,0,0,0,0,0,0,0,0,0,0,129.6,0.008016589,9.484719549,0.118997393,0.1789,35.3,4.7619E-06,111.2,41.74321597,0.871400357,0.009290188
0,16,0,0,0,0,0,0,0,0,18.648,0,0,0,0,0,0,0,0,0,0,0,0,0,0,0,0,11.172,0,0,0,0,0,0,0,0,0,0,0,0,4.704,0,0,0,0,0,49.476,145.8824,0.005412658,13.45127592,0.105700905,-0.3404672,35.3,23.09384904,113.3,92.81469437,0.638310706,0.005242331
0,0,0,0,24,0,0,0,0,0,12,0,0,8,0,0,0,0,0,0,0,0,0,0,0,8,0,0,0,0,0,0,0,0,0,0,0,0,0,0,0,0,0,0,0,0,48,138.6,0.01169448,11.82891315,0.145206389,-0.3824,35.2,45.56948562,113.6,109.9019621,0.581254199,0.006257771
0,0,0,0,22,0,0,0,0,0,13,0,0,8,0,0,0,0,0,0,0,0,0,0,0,8,0,4,0,0,0,0,0,0,0,0,0,0,0,0,0,0,0,0,0,0,45,138.6,0.010812702,11.77927599,0.139725465,-0.3583,35.1,46.25656632,114.9,112.3858896,0.61016322,0.006313147
0,0,0,0,22.5,0,0,0,0,0,12.5,0,0,8,0,0,0,0,0,0,0,0,0,0,0,0,0,2,0,0,0,0,0,0,0,0,0,0,0,0,14,0,0,0,0,0,41,144.55,0.017500485,13.92265376,0.183137877,-0.35255,35,14.71200034,98.4,89.92619286,0.609052187,0.004986015
0,0,0,0,0,0,0,0,0,0,60,0,0,0,0,0,0,0,0,0,0,0,0,0,0,0,0,0,0,0,0,0,0,0,0,0,0,0,0,0,7,0,0,0,0,0,33,145.45,0.005045544,13.34227593,0.105293528,-0.2077,34.9,21.05263158,122.2,103.4808767,0.81582419,0.005378969
0,9,0,0,0,0,0,0,0,0,45,0,0,0,0,0,0,0,0,0,0,0,0,0,0,0,0,0,0,0,0,0,0,0,0,0,0,0,0,0,0,0,0,0,0,0,46,143.3,0.003042894,12.54933271,0.077742266,-0.2883,34.9,37.34697209,118.6,103.887804,0.708613914,0.005818619
0,10,0,0,0,0,0,0,0,0,15,0,0,0,0,0,0,0,0,0,0,0,0,0,0,9,0,11,0,0,0,0,0,0,0,0,0,0,0,0,0,0,0,0,0,0,55,145.9,0.002928788,13.22617838,0.07514133,-0.3684,34.8,36.42508218,117.3,102.2731128,0.60754093,0.005353312
0,0,0,0,21.5,0,0,0,0,0,11,0,0,0,0,0,0,0,0,0,0,0,0.5,0,0,0,0,11,0,0,0,0,0,0,0,0,0,0,0,0,15,0,0,1,0,0,40,145.325,0.017804284,14.17388954,0.184898801,-0.3496,34.7,13.93938107,109.9,87.41631835,0.612192355,0.004862476
0,19.4,0,0,0,0,0,0,0,0,0,0,0,0,0,0,0,0,0,0,0,0,0,0,0,0,0,24.8,0,0,0,0,0,0,0,0,0,0,0,0,0,0,0,0,0,0,55.8,144.22,0.003907686,12.84702584,0.087044441,-0.37184,34.6,36.18758408,113.9,97.35848471,0.602345344,0.0055761
0,0,0,0,27.5,0,0,0,0,0,7.5,0,0,0,0,0,0,0,0,0,0,0,0,0,0,0,0,0,0,0,0,0,0,0,0,0,0,0,0,0,30,0,0,0,0,0,35,150.25,0.025259856,16.18519737,0.216938791,-0.37425,34.5,8.237588455,96.5,73.50176313,0.575178416,0.004017451
0,0,0,0,18,0,0,0,0,0,14,0,0,0,0,0,0,0,0,0,0,0,0,0,0,8,0,12,0,0,0,0,0,0,0,0,0,0,0,0,0,0,0,0,0,0,48,140,0.009575362,12.06128629,0.131125427,-0.3558,34.4,44.42476309,111.6,111.4030398,0.61461069,0.00610749
0,10,0,0,10,0,0,0,0,0,15,0,0,0,0,0,0,0,0,0,0,0,0,0,0,0,0,10,0,0,0,0,0,0,0,0,0,0,0,0,0,0,0,0,0,0,55,142,0.00739714,12.45871871,0.115930124,-0.3745,34.4,38.89357768,103.2,100.3814055,0.595189354,0.00582153
0,6.72,0,0,0,0,0,0,0,0,44.16,0,0,0,0,0,0,0,0,0,0,0,0,0,0,0,0,0,0,0,0,0,0,0,0,0,4,0,0,0,0,0,0,4.8,0,0,40.32,144.952,0.003930342,13.07362892,0.08999152,-0.279552,34.4,35.62373366,118.4,95.41346244,0.719148422,0.005494687
0,0,0,0,0,0,0,0,0,0,0,0,0,24,0,0,0,0,0,0,0,0,0,0,0,0,0,0,20,0,56,0,0,0,0,0,0,0,0,0,0,0,0,0,0,0,0,132,0.008453947,10.0329903,0.121212121,0.2092,34.3,NA,116.4,44.04375589,0.832081589,0.008586682
0,8,0,0,0,0,0,0,0,0,46,0,0,0,0,0,0,0,0,0,0,0,0,0,0,0,0,0,0,0,0,0,0,0,0,0,0,0,0,0,0,0,0,0,0,0,46,143.4,0.002970877,12.57058035,0.076847851,-0.2854,34.3,37.59447913,161.2,104.5410697,0.712587378,0.005806542
0,0,0,0,20.5,0,0,0,0,0,12.5,0,0,12,0,0,0,0,0,0,0,0,0,0,0,0,0,5,0,0,0,0,0,0,0,0,0,0,0,0,14,0,0,0,0,0,36,144.35,0.016542445,13.81468769,0.17899218,-0.31995,34,14.88369939,112.7,92.59119177,0.650012125,0.005058323
0,14.3,0,0,0,0,0,0,0,0,18.854,0,0,0,0,0,0,0,0,0,0,0,0,0,0,0,0,11.141,0,0,0,0,0,0,0,0,0,0,0,0,5.142,0,0,0,0,0,50.563,146.5107,0.005403409,13.62562791,0.105651393,-0.3429626,34,22.43146057,113.4,92.6883097,0.635242598,0.005146045
0,16,0,0,0,0,0,0,28,0,0,0,0,0,0,0,0,0,0,0,0,0,0,0,0,0,0,0,0,0,0,0,0,0,0,0,0,0,0,0,0,0,0,0,0,0,56,144.6,0.003646108,12.92985288,0.084086773,-0.3712,33.9,37.23441189,113.1,99.75604582,0.603401776,0.005526044
0,0,0,0,0,0,0,0,0,0,0,0,0,0,0,0,0,0,0,0,0,0,0,0,0,0,0,15,25,0,0,0,60,0,0,0,0,0,0,0,0,0,0,0,0,0,0,126.25,0.008015438,8.776693576,0.120043125,0.302,33.8,NA,112.3,38.2127124,0.705092382,0.010643328
0,15,0,0,0,0,0,0,0,0,20,0,0,0,0,0,0,0,0,0,0,0,0,0,0,0,0,12,0,0,0,0,0,0,0,0,0,0,0,0,5,0,0,0,0,0,53,153.6,0.056767906,14.22887003,0.112892953,-0.3584,33.8,22.01062977,113.8,88.85381907,0.557997992,0.004831572
0,14.7,0,0,0,0,0,0,0,0,19.6,0,0,0,0,0,0,0,0,0,0,0,0,0,0,0,0,9.8,0,0,0,0,0,0,0,0,0,0,0,0,0,0,0,2,0,0,53.9,145.21,0.004002791,13.12879214,0.088875792,-0.36248,33.8,35.55022489,201.9,95.31561998,0.613289566,0.005413054
0,6,0,0,0,0,0,0,0,0,47,0,0,0,0,0,0,0,0,0,0,0,0,0,0,0,0,0,0,0,0,0,0,0,0,0,0,0,0,0,0,0,0,0,0,0,47,143.8,0.00283567,12.66600099,0.075078551,-0.2853,33.8,37.96250207,110.6,105.4015598,0.712902348,0.005744475
0,19,0,0,0,0,0,0,0,0,0,0,0,0,0,0,0,0,0,0,0,0,0,0,0,0,0,21,0,0,0,0,0,0,0,0,0,0,0,0,0,0,0,0,0,0,60,145.1,0.003880776,13.07781143,0.086351241,-0.395,33.5,35.39488683,109.1,95.37572254,0.575880688,0.005423849
0,12,0,0,0,0,0,0,0,0,19.536,0,0,0,0,0,0,0,0,0,0,0,0,0,0,0,0,11.704,0,0,0,0,0,0,0,0,0,0,0,0,4.928,0,0,0,0,0,51.832,146.8768,0.005107198,13.70223044,0.102656458,-0.3428704,33.4,22.97158003,182.6,93.80295757,0.635721063,0.005105309
0,0,0,0,0,0,0,0,0,0,0,0,0,0,0,0,0,0,0,0,0,0,0,0,0,0,0,0,0,0,81,0,0,0,19,0,0,0,0,0,0,0,0,0,0,0,0,134.3,0.004254472,10.36947582,0.087632369,0.243,33.4,NA,111.4,156.25,0.780193013,0.008216057
0,0,0,0,0,0,0,0,0,0,14.7,0,0,0,0,0,0,0,0,0,0,0,0,0,0,0,0,5.3,22.5,0,0,0,57.5,0,0,0,0,0,0,0,0,0,0,0,0,0,0,127.125,0.007419609,8.929623689,0.114968586,0.28428,33.3,NA,117.3,41.15397406,0.728082213,0.010339395
0,5,0,0,0,0,0,0,0,0,50,0,0,0,0,0,0,0,0,0,0,0,0,0,0,0,0,0,0,0,0,0,0,0,0,0,0,0,0,0,0,0,0,0,0,0,45,143.5,0.002740657,12.5813979,0.073995681,-0.271,33.3,38.49691531,198.7,107.0324646,0.732307917,0.005808897
14.75,0,0,0,0,0,0,0,0,0,44.25,0,0,0,0,0,0,0,0,0,0,0,0,0,0,0,0,0,0,0,0,0,0,0,0,0,0,0,0,0,5,0,0,0,0,0,36,148.6375,0.004353983,14.14311895,0.095490862,-0.214775,33.1,23.30912657,117,101.1182253,0.807111864,0.004944288
0,7,0,0,0,0,0,0,0,0,45,0,0,0,0,0,0,0,0,0,0,0,0,0,0,0,0,0,0,0,0,0,0,0,0,0,0,0,0,0,0,0,0,0,0,0,48,143.9,0.002918946,12.69767872,0.076058803,-0.2939,33,37.57595664,112.8,104.2765502,0.70132511,0.005718585
0,9,0,0,0,0,0,0,0,0,45,0,0,0,0,0,0,0,0,0,0,0,0,0,0,0,0,0,0,0,0,0,0,0,0,0,0,0,0,0,0,0,0,3.45,0,0,42.55,144.1625,0.00388485,12.85398473,0.089132445,-0.292095,32.9,36.9584648,123.7,99.25374161,0.702439151,0.005621071
0,0,0,0,0,0,0,0,0,0,6,0,0,0,0,0,0,0,0,0,0,0,0,0,0,0,0,0,0,0,77.5,0,0,0,16.5,0,0,0,0,0,0,0,0,0,0,0,0,134.75,0.003752585,10.44616209,0.082116126,0.2325,32.9,NA,110,156.6384883,0.793930492,0.008114277
0,7,0,0,0,0,0,0,0,0,46,0,0,0,1,0,0,0,0,0,0,0,0,0,0,0,0,0,0,0,0,0,0,0,0,0,0,0,0,0,0,0,0,0,0,0,46,143.95,0.003152535,12.73305828,0.079555157,-0.2895,32.9,37.49590298,174.6,103.122577,0.706866837,0.005698804
0,2,0,0,26.95,0,0,0,0,0,7.35,0,0,0,0,0,0,0,0,0,0,0,0,0,0,0,0,9.8,0,0,0,0,0,0,0,0,0,0,0,0,8.085,0,0,0,0,0,45.815,140.32475,0.017029052,12.70728249,0.180849867,-0.3775385,32.8,20.66544619,172,95.30924295,0.580720702,0.005659397
0,0,0,0,0,0,0,0,0,0,0,0,0,0,0,0,0,0,0,0,0,0,0,0,0,0,0,16,20,0,64,0,0,0,0,0,0,0,0,0,0,0,0,0,0,0,0,131.2,0.008193724,9.842902999,0.119681625,0.2516,32.8,NA,110.6,44.19642857,0.773786662,0.008890934
0.3,0,0,4,0,0,0,0,0,0,1.5,0,0,0,0,0,0,0,0,0,0,0,0,0,0,0,0,0,18,0,0,0,74.7,0,1.5,0,0,0,0,0,0,0,0,0,0,0,0,126.4,0.00926269,8.84514888,0.127024051,0.34175,32.4,NA,114.8,49.9410563,0.655059385,0.010591157
0,7,0,0,0,0,0,0,0,0,45,0,0,0,3,0,0,0,0,0,0,0,0,0,0,0,0,0,0,0,0,0,0,0,0,0,0,0,0,0,0,0,0,0,0,0,45,144.65,0.003631411,12.96259352,0.085965646,-0.2978,32.4,36.94493783,117.1,99.61698868,0.695220287,0.005550712
0,15.4,0,0,0,0,0,0,0,0,0,0,0,0,0,0,0,0,0,0,0,0,0,0,0,0,0,26.6,0,0,0,0,0,0,0,0,0,0,0,0,0,0,0,0,0,0,58,145.06,0.003597476,13.0484522,0.083352891,-0.3726,32.4,37.03863587,216.7,99.05891399,0.601818994,0.005454307
0,5.5,0,0,0,0,0,0,0,0,47.25,0,0,0,0,0,0,0,0,0,0,0,0,0,0,0,0,0,0,0,0,0,0,0,0,0,0,0,0,0,0,0,0,0,0,0,47.25,143.9,0.002800658,12.68985615,0.074616526,-0.285275,32.4,38.05563641,115.6,105.6189002,0.712982723,0.005729133
0,4,0,0,0,0,0,0,0,0,48,0,0,0,0,0,0,0,0,0,0,0,0,0,0,0,0,0,0,0,0,0,0,0,0,0,0,0,0,0,0,0,0,0,0,0,48,144.2,0.002692726,12.76142163,0.07318117,-0.2852,32.4,38.33780161,113.7,106.276333,0.713227756,0.005683519
0,8,0,0,25.3,0,0,0,0,0,6.9,0,0,0,0,0,0,0,0,0,0,0,0,0,0,0,0,9.2,0,0,0,0,0,0,0,0,0,0,0,0,7.59,0,0,0,0,0,43.01,139.3865,0.016358073,12.43017728,0.178364038,-0.372179,32.3,20.92834267,91.6,93.84939274,0.587560536,0.005841957
0,24,0,0,0,0,0,0,20,0,0,0,0,0,0,0,0,0,0,0,0,0,0,0,0,0,0,0,0,0,0,0,0,36,0,0,0,0,0,0,0,0,0,20,0,0,0,150.6,0.009123119,15.08712173,0.134556801,-0.404,32.2,31.24654658,77.6,64.6711558,0.560208865,0.004426878
0,7,0,0,0,0,0,0,0,0,46,0,0,0,0,0,0,0,0,0,0,0,0,0,0,0,0,0,0,0,0,0,0,0,0,0,0,0,0,0,0,0,0,3,0,0,44,144.45,0.00362931,12.90966815,0.086034551,-0.2915,32,37.36526946,107.7,100.6190665,0.703569446,0.005586978
0,10,0,0,0,0,0,0,0,0,15.4,0,0,0,0,0,0,0,0,0,0,0,0,0,0,5,0,12.6,0,0,0,0,0,0,0,0,0,0,0,0,0,0,0,0,0,0,57,145.9,0.00302414,13.23346687,0.076381472,-0.36764,32,36.62883088,112.1,101.1410751,0.60832624,0.005349574
0,0,0,0,0,0,0,0,0,0,51,0,0,0,0,0,0,0,0,0,0,0,0,0,0,0,0,0,0,0,0,0,0,0,0,0,0,0,0,0,8,0,0,0,0,0,41,147.6,0.005249551,13.94992802,0.106530266,-0.2561,31.9,19.37208449,118.8,98.40182479,0.749181127,0.00502138
0,0,0,0,26.75,0,0,0,0,0,8.25,0,0,0,0,0,0,0,0,0,0,0,0,0,0,0,0,0,0,0,0,0,0,0,0,0,0,0,0,0,30,0,0,0,0,0,35,150.475,0.024871382,16.22612447,0.215217054,-0.371775,31.8,8.230846746,111.4,73.52403297,0.578382543,0.004003913
0,10,0,0,0,0,0,0,0,0,17.9,0,0,0,0,0,0,0,0,0,0,0,0,0,0,0,0,14.6,0,0,0,0,0,0,0,0,0,0,0,0,5,0,0,0,0,0,52.5,147.25,0.004936756,13.79334581,0.10100084,-0.34079,31.8,23.11464961,113.7,94.92915236,0.638500073,0.005058585
0,10,0,0,0,0,0,0,0,0,30,0,0,0,0,0,0,0,0,0,0,0,0,0,0,0,0,5,0,0,0,0,0,0,0,0,0,0,0,0,0,0,0,0,0,0,55,145,0.003172382,13.00441335,0.078632788,-0.342,31.7,36.46877884,109.9,100.1359406,0.639186178,0.005498741
0,0,0,0,0,0,0,0,0,0,53.018,0,0,0,0,0,0,0,0,0,0,0,0,0,0,0,0,0,0,0,0,0,0,0,0,0,0,0,0,0,7.546,0,0,2,0,0,37.436,147.5375,0.005547598,13.96011349,0.109568377,-0.248114,31.6,19.95653871,114.2,97.24051349,0.759706203,0.005020249
0,14.4,0,0,0,0,0,0,0,0,19.2,0,0,0,0,0,0,0,0,0,0,0,0,0,0,0,0,9.6,0,0,0,0,0,0,0,0,0,0,0,0,0,0,0,4,0,0,52.8,145.92,0.004415476,13.35940913,0.093802886,-0.36896,31.5,35.28571429,104.8,92.80649004,0.60512898,0.005277577
0,10,0,0,0,0,0,0,0,0,20,0,0,0,0,0,0,0,0,0,0,0,0,0,0,0,0,12,0,0,0,0,0,0,0,0,0,0,0,0,5,0,0,0,0,0,53,147.35,0.004924891,13.81980849,0.100827287,-0.3439,31.3,22.98347749,101.2,94.37037724,0.634677739,0.005043224
0,0,0,0,0,0,0,0,0,0,50,0,0,0,0,0,0,0,0,0,0,0,0,0,0,0,0,0,0,0,0,0,0,0,0,0,0,0,0,0,0,0,0,0,0,0,50,145,0.002383795,12.95226291,0.068965517,-0.285,31.3,39.11111111,112.3,108.0701754,0.713909688,0.005564829
0,6.72,0,0,0,0,0,0,0,4,44.16,0,0,0,0,0,0,0,0,0,0,0,0,0,0,0,0,0,0,0,0,0,0,0,0,0,0,0,0,0,0,0,0,4.8,0,0,40.32,144.752,0.003953275,13.02258851,0.09036464,-0.291552,31.2,38.17263455,114.3,99.5912166,0.70306969,0.005518143
0,25,0,0,0,0,0,0,20,0,0,0,0,0,0,0,0,0,0,0,0,45,0,0,0,0,0,0,0,0,0,0,0,0,0,0,0,0,0,0,0,0,0,10,0,0,0,155,0.011842354,16.65159298,0.15095947,-0.428,31.1,30.49257232,112.3,61.67277845,0.532093451,0.003840641
0,10,0,0,0,0,0,0,0,0,14,0,0,0,0,0,0,0,0,0,0,0,0,0,0,3,0,13,0,0,0,0,0,0,0,0,0,0,0,0,0,0,0,0,0,0,60,146.3,0.003046662,13.34296185,0.076515345,-0.3787,31.1,36.43698906,,99.67442245,0.595363424,0.00528133
3.5,0,0,0,0,0,0,0,0,0,0,0,0,0,0,2,0,0,0,0,0,0,0,0,0,0,0,0,6,0,79,0,0,0,9.5,0,0,0,0,0,0,0,0,0,0,0,0,135.15,0.005434555,10.62540043,0.098294365,0.25765,31,NA,172,87.64164306,0.761689531,0.007939514
0,12,0,0,0,0,0,0,0,0,28,0,0,0,0,0,0,0,0,0,0,0,0,0,0,0,0,0,0,0,0,0,0,0,0,0,0,0,0,0,0,0,0,0,0,0,60,145.8,0.003306163,13.22654489,0.079797199,-0.3768,30.7,34.92774272,106.5,96.18039577,0.597264508,0.005348294
0,25,0,0,0,0,0,0,20,0,0,0,0,0,0,0,0,0,0,0,0,55,0,0,0,0,0,0,0,0,0,0,0,0,0,0,0,0,0,0,0,0,0,0,0,0,0,154.5,0.011428421,16.45362028,0.148268106,-0.423,30.6,30.62559986,69.2,63.05600369,0.537655165,0.003908046
0,25,0,0,0,0,0,0,10,0,0,0,0,0,0,0,0,0,0,0,0,0,0,0,0,0,0,10,0,0,0,0,0,0,0,0,0,0,0,0,0,40,0,15,0,0,0,155.25,0.012045414,16.75057933,0.152248446,-0.4355,30.4,32.32379234,68.7,59.00397652,0.524297704,0.003806058
0,10,0,0,0,0,0,0,0,0,15,0,0,0,0,0,0,0,0,0,0,0,0,0,0,0,0,10,0,0,0,0,0,0,0,0,0,0,0,0,0,0,0,0,0,0,65,147,0.003056192,13.53366699,0.076360355,-0.3985,30.3,35.73481662,,96.81350698,0.572900409,0.005165631
0,12,0,0,0,0,0,0,0,0,25,0,0,0,0,0,0,0,0,0,0,0,0,0,0,0,0,0,0,0,0,0,0,0,0,0,0,0,0,0,2,0,0,0,0,0,61,147.1,0.003966482,13.64796861,0.088659794,-0.3881,30.2,28.20761197,109.7,92.92301898,0.583547154,0.00511009
0,10,0,0,0,0,0,0,0,0,17.9,0,0,0,0,0,0,0,0,0,0,0,0,0,0,5,0,14.6,0,0,0,0,0,0,0,0,0,0,0,0,0,0,0,0,0,0,52.5,145,0.003053192,12.99530273,0.077105792,-0.34179,30.2,37.42339404,104.1,103.4607759,0.639593896,0.005504333
0,10,0,0,0,0,0,0,0,0,20,0,0,0,0,0,0,0,0,0,0,0,0,0,0,0,0,8,0,0,0,0,0,0,0,0,0,0,0,0,5,0,0,0,0,0,57,148.15,0.004813442,14.03150994,0.099278272,-0.3671,30.1,22.62682903,99.8,92.34574923,0.606850966,0.004923958
0,7.9,0,0,0,0,0,0,0,0,16.3,0,0,0,0,0,0,0,0,0,0,0,0,0,0,0,0,12.8,0,0,0,0,0,0,0,0,2,0,0,0,0,0,0,0,0,0,61,146.61,0.002880258,13.41586669,0.074440056,-0.36813,30.1,36.08224082,99.2,98.12082646,0.607917162,0.005246618
0,25,0,0,0,0,0,0,20,0,0,0,0,0,0,0,0,0,0,0,0,39,0,0,0,0,0,0,0,0,0,0,0,0,0,0,0,0,0,0,0,0,0,16,0,0,0,155.3,0.012085714,16.7703766,0.152501858,-0.431,30,30.41330907,108.2,60.87159423,0.52879427,0.003801133
0,9.9,0,1,0,0,0,0,0,0,14.85,0,0,0,0,0,0,0,0,0,0,0,0,0,0,8.91,0,10.89,0,0,0,0,0,0,0,0,0,0,0,0,0,0,0,0,0,0,54.45,145.291,0.004119375,13.119641,0.085884148,-0.363316,30,NA,71.3,102.9737425,0.61215537,0.005417912
0,9.9,0,0,0,0,0,0,0,0,29.7,0,0,0,0,0,0,0,0,0,0,0,0,0,0,0,0,4.95,0,0,0,0,0,0,0,0,0,0,0,0,0,0,0,1,0,0,54.45,145.35,0.003389312,13.11865946,0.081644832,-0.34538,30,36.32252787,108,98.7121754,0.63474613,0.00542899
0,10,0,0,0,0,0,0,0,0,19.35,0,0,0,0,0,0,0,0,0,0,0,0,0,0,0,0,10.125,0,0,0,0,0,0,0,0,0,0,0,0,0,0,0,0,0,0,60.525,146.105,0.003131375,13.29682599,0.077670733,-0.37298,29.8,36.29691632,102.1,98.63612632,0.601919715,0.005310504
0,7.9,0,0,0,0,0,0,0,0,15.8,0,0,0,0,0,0,0,0,0,0,0,0,0,0,0,0,12.8,0,0,0,0,0,0,0,0,2.5,0,0,0,0,0,0,0,0,0,61,146.66,0.002863946,13.42818697,0.074207121,-0.36783,29.8,35.85761873,109,97.6370955,0.608291002,0.005239968
0,10,0,0,0,0,0,0,0,0,17.55,0,0,0,0,0,0,0,0,0,0,0,0,0,0,0,0,10.125,0,0,0,0,0,0,0,0,0,0,0,0,0,0,0,0,0,0,62.325,146.465,0.003105619,13.39209164,0.077200999,-0.38324,29.5,36.07372909,108.4,97.90246642,0.59006707,0.00525142
0,25,0,0,0,0,0,0,20,0,0,0,0,0,0,0,0,0,0,0,0,0,0,0,0,0,0,0,0,0,0,0,0,0,0,0,0,0,0,0,0,39,0,16,0,0,0,155.3,0.012085714,16.7703766,0.152501858,-0.4388,29.4,32.24085976,66.1,58.92859394,0.520959944,0.003798626
0,10,0,0,0,0,0,0,0,0,18,0,0,0,0,0,0,0,0,0,0,0,0,0,0,0,0,10.12,0,0,0,0,0,0,0,0,0,0,0,0,0,0,0,0,0,0,61.88,146.376,0.00311255,13.36853986,0.077324286,-0.380704,29.3,36.12814922,107.7,98.08206251,0.592973601,0.005265923
9.7,8.9,0,0,0,0,0,0,0,0,10.2,0,0,10.2,0,0,0,0,0,0,0,0,0,0,0,0,0,0,0,0,0,0,0,0,0,0,0,0,0,0,0,0,0,0,0,0,61,149.245,0.002702592,14.13109372,0.071274969,-0.37774,29.2,35.07521384,,96.14051367,0.596874133,0.004869624
0,7,0,0,0,0,0,0,0,0,46,0,0,0,0,0,0,0,0,0,0,0,0,0,0,0,0,0,0,0,0,0,0,0,0,0,0,0,0,0,0,0,0,5,0,0,42,144.95,0.004094104,13.08627802,0.091848452,-0.2937,29.1,37.13883779,106.8,98.04876693,0.700031741,0.005478684
0,10,0,0,0,0,0,0,0,0,15.4,0,0,0,0,0,0,0,0,0,0,0,0,0,0,0,0,12.6,0,0,0,0,0,0,0,0,0,0,0,0,0,0,0,0,0,0,62,146.4,0.003110717,13.3748909,0.077291504,-0.38114,28.9,36.36329163,109,98.41314687,0.592473581,0.005262143
0,7.9,0,0,0,0,0,0,0,0,18.3,0,0,0,0,0,0,0,0,0,0,0,0,0,0,0,0,12.8,0,0,0,0,0,0,0,0,0,0,0,0,0,0,0,0,0,0,61,146.41,0.002944343,13.36658558,0.075352173,-0.36933,28.9,37.00959435,101.4,100.1046511,0.606425445,0.005273359
0,7.9,0,0,0,0,0,0,0,0,17.8,0,0,0,0,0,0,0,0,0,0,0,0,0,0,0,0,12.8,0,0,0,0,0,0,0,0,0.5,0,0,0,0,0,0,0,0,0,61,146.46,0.002928496,13.37890586,0.075127056,-0.36903,28.8,36.77331562,101.3,99.60121223,0.606797828,0.005266652
0,10,0,0,0,0,0,0,0,0,15.75,0,0,0,0,0,0,0,0,0,0,0,0,0,0,0,0,10.12,0,0,0,0,0,0,0,0,0,0,0,0,0,0,0,0,0,0,64.13,146.826,0.003073726,13.48762193,0.076652547,-0.393529,28.5,35.85216787,106.6,97.17689747,0.578431541,0.005193276
0,10,0,0,0,0,0,0,0,0,14.85,0,0,0,0,0,0,0,0,0,0,0,0,0,0,0,0,10.125,0,0,0,0,0,0,0,0,0,0,0,0,0,0,0,0,0,0,65.025,147.005,0.003055668,13.53499013,0.07635169,-0.39863,28.4,35.74404756,104.4,96.82221451,0.572756606,0.005164847
0,7.9,0,0,0,0,0,0,0,0,16.8,0,0,0,0,0,0,0,0,0,0,0,0,0,0,0,0,12.8,0,0,0,0,0,0,0,0,1.5,0,0,0,0,0,0,0,0,0,61,146.56,0.002896454,13.40354641,0.074671013,-0.36843,28.4,36.30969484,92.9,98.60937444,0.607543687,0.005253281
0,0,0,0,0,0,0,0,0,0,0,0,0,0,0,0,0,0,0,0,0,0,0,0,0,0,0,0,20,0,80,0,0,0,0,0,0,0,0,0,0,0,0,0,0,0,0,132,0.008453947,10.0329903,0.121212121,0.298,28.2,NA,109.7,44.19642857,0.711014785,0.008700792
0,10,0,0,5,0,0,0,0,0,15,0,0,0,0,0,0,0,0,0,0,0,0,0,0,0,0,10,0,0,0,0,0,0,0,0,0,0,0,0,0,0,0,0,0,0,60,144.5,0.005376352,12.99619285,0.099024831,-0.3865,28.2,37.24734745,160,98.56517877,0.583762617,0.005477067
0,7.9,0,0,0,0,0,0,0,0,17.3,0,0,0,0,0,0,0,0,0,0,0,0,0,0,0,0,12.8,0,0,0,0,0,0,0,0,1,0,0,0,0,0,0,0,0,0,61,146.51,0.002912533,13.39122613,0.074900008,-0.36873,28.2,36.54003468,102.6,99.10281178,0.607170576,0.005259959
0,25,0,0,0,0,0,0,20,0,0,0,0,0,0,0,0,0,0,0,0,0,0,0,0,0,0,0,0,0,0,0,0,0,0,0,0,0,0,0,0,40,0,0,0,0,15,151.5,0.010024078,15.42600533,0.140448336,-0.422,28,33.63523012,68.1,66.69325888,0.540147091,0.00428256
0,9,0,0,0,0,0,0,0,0,16.66666667,0,0,0,0,0,0,0,0,0,0,0,0,0,0,0,0,8.333333333,0,0,0,0,0,0,0,0,0,0,0,0,0,0,0,0,0,0,66,147.3,0.002943815,13.60783999,0.074896304,-0.401466667,27.8,35.67574074,98.2,96.73378679,0.569739388,0.005124299
0,9.766666667,0,0,0,0,0,0,0,0,9.766666667,0,0,0,0,0,0,0,0,0,0,0,0,0,0,35.35,0,9.766666667,0,0,0,0,0,0,0,0,0,0,0,0,0,0,0,0,0,0,35.35,144.6283333,0.002312095,12.84043146,0.06696926,-0.334891667,27.6,36.91266461,105.8,115.9856453,0.649119112,0.00560293
0,25,0,0,0,0,0,0,20,0,0,0,0,0,0,0,0,0,0,0,0,0,0,0,0,0,0,0,0,0,0,0,0,0,0,0,0,0,0,0,0,45,0,10,0,0,0,155,0.011842354,16.65159298,0.15095947,-0.437,27.3,32.63245972,62.3,59.38380095,0.522998689,0.003837698
0,25,0,0,0,0,0,0,20,0,0,0,55,0,0,0,0,0,0,0,0,0,0,0,0,0,0,0,0,0,0,0,0,0,0,0,0,0,0,0,0,0,0,0,0,0,0,154.5,0.011428421,16.45362028,0.148268106,-0.4395,27.1,31.3235041,60.7,59.16955017,0.520917437,0.003902492
0,24,0,0,0,0,0,0,20,0,0,0,50,0,0,0,0,0,0,0,0,0,0,0,0,0,0,0,0,0,0,0,0,0,0,0,0,0,0,0,0,0,0,6,0,0,0,155.3,0.011538079,16.71508457,0.148716488,-0.4444,27,31.18930652,65.1,58.49302029,0.515960298,0.003814646
0,8,0,0,0,0,0,0,0,0,16,0,0,0,0,0,0,0,0,0,0,0,0,0,0,0,0,8,0,0,0,0,0,0,0,0,0,0,0,0,0,0,0,0,0,0,68,147.8,0.002799883,13.73493836,0.07292121,-0.41,26.8,35.6265571,102.2,96.4580052,0.560559256,0.005052965
0,24,0,0,0,0,0,0,20,0,0,0,36,0,0,0,0,0,0,0,0,0,0,0,0,0,0,0,0,0,0,0,0,0,0,0,0,0,0,0,0,0,0,20,0,0,0,156,0.012091434,16.99224634,0.152235155,-0.4472,26.6,30.8195981,63.8,57.70715793,0.512674291,0.003725852
5.5,0,49,0,0,0,0,0,0,0,26.9,0,0,0,0,0,0,0,0,0,0,0,0,0,0,0,0,0,0,0,2.3,0,0,0,16.3,0,0,0,0,0,0,0,0,0,0,0,0,132.415,0.003866738,9.939034163,0.086153484,0.32215,26.5,NA,132.3,154.8831783,0.67321161,0.008856573
0,9.066666667,0,0,0,0,0,0,0,0,9.066666667,0,0,0,0,0,0,0,0,0,0,0,0,0,0,36.4,0,9.066666667,0,0,0,0,0,0,0,0,0,0,0,0,0,0,0,0,0,0,36.4,145.0133333,0.002230929,12.93674903,0.065710468,-0.342066667,26.4,36.7940583,106.2,115.9844515,0.640270147,0.005539513
0,25,0,0,0,0,0,0,20,0,0,0,0,0,0,0,0,39,0,0,0,0,0,0,0,0,0,0,0,0,0,0,0,0,0,0,0,0,0,0,0,0,0,16,0,0,0,155.3,0.012085714,16.7703766,0.152501858,-0.4466,26.2,29.90797546,63.6,55.39238246,0.513265941,0.003796122
0,24,0,0,0,0,0,0,20,0,0,0,0,0,0,0,0,30,0,0,0,0,0,0,0,0,0,0,0,0,0,0,0,0,0,0,0,0,0,0,0,0,0,26,0,0,0,156.3,0.012322411,17.11102996,0.153658791,-0.4514,25.9,29.90797546,63,55.21668078,0.508371709,0.003687942
0,8.866666667,0,0,0,0,0,0,0,0,8.866666667,0,0,0,0,0,0,0,0,0,0,0,0,0,0,36.7,0,8.866666667,0,0,0,0,0,0,0,0,0,0,0,0,0,0,0,0,0,0,36.7,145.1233333,0.002206442,12.96426833,0.065328977,-0.344116667,25.9,36.76031065,96.7,115.9841105,0.637762739,0.005521615
0,25,0,0,0,0,0,0,20,0,0,0,0,0,0,0,0,0,0,0,0,0,0,0,0,0,0,0,0,0,0,0,0,0,0,0,0,0,0,0,0,27.5,0,27.5,0,0,0,155.875,0.012541737,16.9980452,0.155314809,-0.44225,25.8,31.51597305,61.9,58.07533807,0.51708953,0.003725588
0,25,0,0,0,0,0,0,20,0,0,0,0,0,0,0,0,0,0,0,0,0,0,0,0,0,0,0,0,0,0,0,0,0,0,0,0,0,0,0,0,55,0,0,0,0,0,154.5,0.011428421,16.45362028,0.148268106,-0.434,25.6,33.30670266,62,60.15831135,0.526426448,0.003904342
0,25,0,0,0,0,0,0,20,0,0,0,0,0,0,0,0,55,0,0,0,0,0,0,0,0,0,0,0,0,0,0,0,0,0,0,0,0,0,0,0,0,0,0,0,0,0,154.5,0.011428421,16.45362028,0.148268106,-0.445,25.4,29.90797546,58.8,55.09464358,0.515478196,0.003900644
0,7,0,0,0,0,0,0,0,0,15.33333333,0,0,0,0,0,0,0,0,0,0,0,0,0,0,0,0,7.666666667,0,0,0,0,0,0,0,0,0,0,0,0,0,0,0,0,0,0,70,148.3,0.002644507,13.86203673,0.070757459,-0.418533333,25.4,35.5775089,112.5,96.18379162,0.551556835,0.004983289
0,22,0,0,0,0,0,0,22,0,0,0,0,0,0,0,0,40,0,0,0,0,0,0,0,0,0,0,0,0,0,0,0,0,0,0,0,0,0,0,0,0,0,16,0,0,0,156,0.011679048,16.95555254,0.149648943,-0.445,25.3,30.36437247,60.7,55.49574936,0.515231993,0.003737978
0,24,0,0,0,0,0,0,18,0,0,46,0,2,0,0,0,0,0,0,0,0,0,0,0,0,0,0,0,0,0,0,0,0,0,0,0,0,0,0,0,0,0,10,0,0,0,155.6,0.011613773,16.81803456,0.14915565,-0.4554,24.4,29.30761448,58.5,55.75976522,0.505204628,0.003778079
0,24,0,0,0,0,0,0,20,0,0,0,0,0,0,0,0,0,0,0,0,0,0,0,0,0,0,0,0,0,0,0,0,0,0,0,0,0,0,36,0,0,0,20,0,0,0,156,0.012091434,16.99224634,0.152235155,-0.4976,24,27.81379668,60.5,53.98969067,0.466316866,0.003710237
10,0,0,0,0,0,0,0,0,0,25,0,0,0,10,0,0,0,0,0,0,0,55,0,0,0,0,0,0,0,0,0,0,0,0,0,0,0,0,0,0,0,0,0,0,0,0,150.25,0.0033194,14.51057141,0.083178035,-0.3915,23.6,22.00701204,53.5,56.69089962,0.580436898,0.004683777
0,24,0,0,0,0,0,0,20,0,0,0,0,0,40,0,0,0,0,0,0,0,0,0,0,0,0,0,0,0,0,0,0,0,0,0,0,0,0,0,0,0,0,16,0,0,0,157.8,0.013422319,17.70494805,0.160087636,-0.4624,23.5,27.5990736,58,53.48234038,0.496849049,0.00351059
0,24,0,0,0,0,0,0,20,0,0,0,0,0,36,0,0,0,0,0,0,0,0,0,0,0,0,0,0,0,0,0,0,0,0,0,0,0,0,0,0,0,0,20,0,0,0,157.8,0.013422319,17.70494805,0.160087636,-0.4616,23.5,27.81379668,52.2,53.70356185,0.497600712,0.003510815
0,25,0,0,0,0,0,0,20,0,0,55,0,0,0,0,0,0,0,0,0,0,0,0,0,0,0,0,0,0,0,0,0,0,0,0,0,0,0,0,0,0,0,0,0,0,0,154.5,0.011428421,16.45362028,0.148268106,-0.4505,23.5,29.1697831,57.2,56.13178279,0.510108324,0.003898797
0,24,0,0,0,0,0,0,20,0,0,0,0,0,51,0,0,0,0,0,0,0,0,0,0,1,0,0,0,0,0,0,0,0,0,0,0,0,0,0,0,0,0,0,0,0,4,156.45,0.012973881,17.23513858,0.158337549,-0.4564,23.3,27.35638819,60.1,54.93470952,0.502948742,0.003648838
0,25,0,0,0,0,0,0,20,0,0,0,0,0,0,0,0,0,0,0,0,0,0,0,0,0,0,0,0,0,0,0,0,0,0,0,0,0,0,55,0,0,0,0,0,0,0,154.5,0.011428421,16.45362028,0.148268106,-0.5165,22.8,26.82255846,50.2,53.40881363,0.450889229,0.00387675
0,25,0,0,0,0,0,0,20,0,0,0,0,0,0,0,0,0,0,0,0,0,0,0,0,0,0,0,0,0,0,0,0,0,0,40,0,0,0,0,0,0,0,15,0,0,0,159.25,0.015256047,18.37959984,0.170898428,-0.4705,21.6,26.28032345,54.7,53.80556781,0.487634229,0.003327067
0,0,0,0,0,0,0,0,0,0,27,0,0,0,0,0,0,0,0,0,0,0,58,0,0,0,0,0,0,0,0,0,0,0,0,0,0,0,0,0,0,0,0,10,0,5,0,148.2,0.003410628,13.94037758,0.085020243,-0.4227,21.3,22.34557396,44.8,55.64591704,0.546333547,0.004941692
0,0,0,0,0,0,0,0,0,0,31,0,0,0,0,0,0,0,0,0,0,0,57,0,0,0,5.4,0,0,0,0,0,0,0,0,0,0,0,0,0,0,0,0,6.6,0,0,0,149.22,0.004090061,14.29753896,0.093507527,-0.42222,20.7,21.78591966,48.3,55.01092152,0.54612357,0.004768425
7,0,0,0,0,0,0,0,0,0,28,0,0,0,0,0,0,0,0,0,0,0,54,0,0,0,0,0,0,0,0,0,0,0,0,0,0,0,0,0,0,0,0,11,0,0,0,149.8,0.003593654,14.40795128,0.086772106,-0.3913,20.6,22.6438293,54.3,57.52771152,0.580353252,0.004731202
0,0,0,0,0,0,0,0,0,0,25,0,0,0,10,0,0,0,0,0,0,0,60,0,0,0,0,0,0,0,0,0,0,0,0,0,0,0,0,0,0,0,0,0,0,5,0,148.5,0.003325663,14.01700102,0.083905292,-0.4365,20.6,21.64001155,52,54.1567696,0.532110492,0.004896773
14,0,0,0,0,0,0,0,0,0,21,0,0,0,0,0,0,0,0,0,0,0,56,0,0,0,0,0,0,0,0,0,0,0,0,0,0,0,0,0,0,0,0,9,0,0,0,150.95,0.002994737,14.68170443,0.07876095,-0.3874,20.6,22.00492041,46.7,57.01395219,0.585444523,0.004608424
0,0,0,0,0,0,0,0,0,0,34,0,0,0,0,0,0,0,0,0,0,0,57,0,0,0,9,0,0,0,0,0,0,0,0,0,0,0,0,0,0,0,0,0,0,0,0,148.05,0.003862488,13.94918974,0.091359734,-0.4047,20.5,21.62735224,50.7,55.84178162,0.565175358,0.004946295
0,0,0,0,0,0,0,0,0,0,30.5,0,0,0,0,0,0,0,0,0,0,0,58.5,0,0,0,0,0,0,0,0,0,0,0,0,0,0,0,0,0,0,0,0,11,0,0,0,148.725,0.003543255,14.10076374,0.086630186,-0.41995,20.4,22.22385167,49.4,55.98634479,0.549097944,0.004863828
5.6,0,0,0,0,0,0,0,0,0,22.4,0,0,0,0,0,0,0,0,0,0,0,61,0,0,0,0,0,0,0,0,0,0,0,0,0,0,0,0,0,0,0,0,11,0,0,0,150.5,0.003259017,14.58021528,0.082656846,-0.43302,20.1,21.43785609,48.9,54.35230902,0.535746359,0.004633399
0,0,0,0,0,0,0,0,0,0,26,0,0,0,0,0,0,0,0,0,0,0,63,0,0,0,0,0,0,0,0,0,0,0,0,0,0,0,0,0,0,0,0,11,0,0,0,149.4,0.003330341,14.27316649,0.083905953,-0.4465,20,21.41040649,47,53.93722984,0.522011729,0.004768468
0,0,0,0,0,0,0,0,0,0,25,0,0,0,15,0,0,0,0,0,0,0,60,0,0,0,0,0,0,0,0,0,0,0,0,0,0,0,0,0,0,0,0,0,0,0,0,150.75,0.003979437,14.72315251,0.091601754,-0.459,19.9,21.13243084,46.6,52.44824187,0.509090033,0.004558577
0,0,0,0,0,0,0,0,0,0,24.75,0,0,0,9.9,0,0,0,0,0,0,0,64.35,0,0,0,0,0,0,0,0,0,0,0,0,0,0,0,0,0,1,0,0,0,0,0,0,149.6575,0.003377062,14.35378316,0.084697223,-0.451765,19.9,19.57689638,45.4,52.89416104,0.516744114,0.004728274
0,0,0,0,0,0,0,0,0,0,24.25,0,0,0,9.7,0,0,0,0,0,0,0,63.05,0,0,0,0,0,0,0,0,0,0,0,0,0,3,0,0,0,0,0,0,0,0,0,0,149.1225,0.003014602,14.16540436,0.079865645,-0.438095,19.9,20.73997054,47.8,53.15437481,0.53080148,0.004823761
0,0,0,0,0,0,0,0,0,0,23.75,0,0,0,9.5,0,0,0,0,0,0,0,61.75,0,0,0,0,0,0,0,0,0,0,0,0,0,0,0,0,0,5,0,0,0,0,0,0,151.2875,0.004429842,14.93467725,0.097433134,-0.444825,19.8,15.76124345,48.3,52.40694213,0.522586356,0.004473707
0,0,0,0,0,0,0,0,0,0,28,0,0,0,11,0,0,0,0,0,0,0,61,0,0,0,0,0,0,0,0,0,0,0,0,0,0,0,0,0,0,0,0,0,0,0,0,149.1,0.003427501,14.19654304,0.085151324,-0.4369,19.8,21.40608604,47.6,54.19968304,0.531598398,0.004809406
6.6,0,0,0,0,0,0,0,0,0,22.9,0,0,0,11,0,0,0,0,0,0,0,59.5,0,0,0,0,0,0,0,0,0,0,0,0,0,0,0,0,0,0,0,0,0,0,0,0,150.525,0.003306534,14.5912606,0.083201807,-0.42607,19.8,21.2898075,44.6,54.31041875,0.542906731,0.004631561
0,0,0,0,0,0,0,0,0,0,25,0,0,0,0,0,0,0,0,0,0,0,65,0,0,0,0,0,0,0,0,0,0,0,0,0,0,0,0,10,0,0,0,0,0,0,0,148.75,0.002556811,14.01058694,0.072775244,-0.4635,19.6,20.83807313,44.7,53.09454833,0.506122921,0.004886643
0,0,0,0,0,0,0,0,0,0,24.75,0,0,0,9.9,0,0,0,0,0,0,0,64.35,0,0,0,0,0,0,0,0,0,0,0,0,0,1,0,0,0,0,0,0,0,0,0,0,149.2075,0.00306857,14.19417454,0.080539169,-0.448365,19.4,20.80526931,44.9,53.06296946,0.520414965,0.004805059
0,0,0,0,0,0,0,0,0,0,25,0,0,0,0,0,0,0,0,0,0,0,65,0,0,0,0,0,0,0,0,0,0,0,0,0,0,0,0,10,0,0,0,0,0,0,0,148.75,0.002556811,14.01058694,0.072775244,-0.4635,19.4,20.83807313,45.8,53.09454833,0.506122921,0.004886643
0,0,0,0,0,0,0,0,0,0,25,0,0,0,10,0,0,0,0,0,0,0,65,0,0,0,0,0,0,0,0,0,0,0,0,0,0,0,0,0,0,0,0,0,0,0,0,149.25,0.003095431,14.20855963,0.080871743,-0.4535,19.3,20.83807313,45.1,53.01738456,0.515314118,0.004795753
0,10,0,0,0,0,0,0,0,0,0,0,0,20,0,0,0,0,0,0,0,0,0,0,0,0,0,10,0,0,0,60,0,0,0,0,0,0,0,0,0,0,0,0,0,0,0,165,0.012044643,20.06063989,0.150298143,-0.504,19.2,21.00797627,41.6,42.12748733,0.460863924,0.002931121
0,0,0,0,0,0,0,0,0,0,24.25,0,0,0,9.7,0,0,0,0,0,0,0,63.05,0,0,0,0,0,0,0,0,0,0,0,0,0,0,0,0,0,3,0,0,0,0,0,0,150.4725,0.00391812,14.64423021,0.091518095,-0.448295,19.1,17.46307142,44.1,52.64942443,0.519640699,0.004598021
0,15,0,0,0,0,0,60,0,0,10,0,0,0,0,0,0,0,0,0,0,0,0,0,0,0,0,15,0,0,0,0,0,0,0,0,0,0,0,0,0,0,0,0,0,0,0,163.5,0.01403374,19.71679257,0.162137201,-0.51,18.7,18.98131418,42.5,32.47382635,0.454126236,0.003002651
0,10,0,0,0,0,0,0,0,0,2,0,0,18,0,0,0,0,0,0,0,0,0,0,0,0,0,10,0,0,0,60,0,0,0,0,0,0,0,0,0,0,0,0,0,0,0,164.9,0.012165751,20.03687898,0.151059046,-0.5026,18.7,20.93200509,36.6,42.08279383,0.461954793,0.002936349
0,12,0,0,0,0,0,0,0,0,3,0,0,30,0,0,0,0,0,0,0,0,0,0,0,0,0,0,0,0,0,55,0,0,0,0,0,0,0,0,0,0,0,0,0,0,0,162.8,0.012278131,19.32615647,0.153151784,-0.4793,18.2,21.94638645,41.4,44.39815945,0.482334742,0.003096073
0,10,0,0,0,0,0,0,0,0,5,0,0,15,0,0,0,0,0,0,0,0,0,0,0,0,0,10,0,0,0,60,0,0,0,0,0,0,0,0,0,0,0,0,0,0,0,164.75,0.012346724,20.00123761,0.152192058,-0.5005,17.9,20.81907301,44.8,42.0159311,0.463598102,0.00294422
0,0,0,0,0,0,0,0,0,0,0,0,0,0,0,0,0,0,0,0,0,0,64,0,0,0,15,21,0,0,0,0,0,0,0,0,0,0,0,0,0,0,0,0,0,0,0,152.1,0.004570534,15.19032305,0.098967171,-0.4895,17.9,20.08628396,45.3,49.80975441,0.480088708,0.004349566
0,10,0,0,0,0,0,64.8,0,0,25.2,0,0,0,0,0,0,0,0,0,0,0,0,0,0,0,0,0,0,0,0,0,0,0,0,0,0,0,0,0,0,0,0,0,0,0,0,166.4,0.012643336,20.60139176,0.152511678,-0.53444,17.7,18.05645121,34.3,30.70278529,0.435413275,0.002816538
0,25,0,0,0,0,0,0,20,0,0,0,0,0,0,0,0,0,0,0,0,0,0,0,0,0,0,0,0,0,0,55,0,0,0,0,0,0,0,0,0,0,0,0,0,0,0,160,0.015844721,18.69352349,0.173992636,-0.5,17.4,20.42954426,43.5,42.79703985,0.461034228,0.003240779
0,25,0,0,0,0,0,0,0,0,14.3,0,0,0,0,0,0,0,0,0,0,0,0,0,0,0,0,5.7,0,0,0,55,0,0,0,0,0,0,0,0,0,0,0,0,0,0,0,160,0.015844721,18.69352349,0.173992636,-0.49543,17.2,19.99551383,46.6,42.38529852,0.464950003,0.003241902
0,10,0,0,0,0,0,0,0,0,10,0,0,10,0,0,0,0,0,0,0,0,0,0,0,0,0,10,0,0,0,60,0,0,0,0,0,0,0,0,0,0,0,0,0,0,0,164.5,0.012646503,19.94183533,0.154058674,-0.497,17.2,20.63353671,48.2,41.90496412,0.466355732,0.002957418
0,10,0,0,0,0,0,0,0,0,12,0,0,8,0,0,0,0,0,0,0,0,0,0,0,0,0,10,0,0,0,60,0,0,0,0,0,0,0,0,0,0,0,0,0,0,0,164.4,0.012765769,19.91807441,0.154797884,-0.4956,16.8,20.56024485,47.7,41.86074127,0.467465393,0.002962725
0,20,0,0,0,0,0,0,0,0,17,0,0,0,0,0,0,0,0,0,0,0,0,0,0,0,0,8,0,0,0,55,0,0,0,0,0,0,0,0,0,0,0,0,0,0,0,160.5,0.015116797,18.79976168,0.170031826,-0.4807,16.1,20.42764348,42.3,42.99997708,0.478523103,0.003219532
0,25,0,0,0,0,0,0,5,0,10,0,0,0,0,0,0,0,0,55,0,0,0,0,0,0,0,5,0,0,0,0,0,0,0,0,0,0,0,0,0,0,0,0,0,0,0,165.5,0.020688048,21.18915233,0.198086888,-0.513,15.5,19.11717145,44.4,41.31860545,0.446158704,0.002710196
0,25,0,0,0,0,0,0,20,0,0,0,0,0,0,0,0,0,0,55,0,0,0,0,0,0,0,0,0,0,0,0,0,0,0,0,0,0,0,0,0,0,0,0,0,0,0,165.5,0.020688048,21.18915233,0.198086888,-0.5165,15.4,19.39195909,39.4,41.5913829,0.443316692,0.00270956
0,20,0,0,0,0,0,0,20,0,0,0,0,0,0,0,0,0,0,60,0,0,0,0,0,0,0,0,0,0,0,0,0,0,0,0,0,0,0,0,0,0,0,0,0,0,0,169,0.019381277,22.33305858,0.189349112,-0.542,14.5,18.79129956,39.2,39.727846,0.424329791,0.002510307
0,20,0,0,0,0,0,60,0,0,20,0,0,0,0,0,0,0,0,0,0,0,0,0,0,0,0,0,0,0,0,0,0,0,0,0,0,0,0,0,0,0,0,0,0,0,0,163,0.014819003,19.61055438,0.166437546,-0.526,14.3,18.27615063,43.2,31.91535777,0.440394168,0.003022256
0,10,0,0,0,0,0,0,0,0,14,0,0,6,0,0,0,0,0,0,0,0,0,0,0,0,0,10,0,0,0,60,0,0,0,0,0,0,0,0,0,0,0,0,0,0,0,164.3,0.012884664,19.8943135,0.15553293,-0.4942,14.3,20.48747181,33.5,41.81661167,0.468578847,0.002968048
0,15,0,0,0,0,0,0,0,0,17,0,0,0,0,0,0,0,0,0,0,0,0,0,0,0,0,8,0,0,0,60,0,0,0,0,0,0,0,0,0,0,0,0,0,0,0,163.5,0.01403374,19.71679257,0.162137201,-0.5047,14.2,19.85563799,44.3,41.11492233,0.458581293,0.003003797
0,10,0,0,0,0,0,54,0,0,21,0,0,15,0,0,0,0,0,0,0,0,0,0,0,0,0,0,0,0,0,0,0,0,0,0,0,0,0,0,0,0,0,0,0,0,0,161.75,0.012874347,19.02828636,0.157400474,-0.4607,14.1,20.56688475,35.7,35.40625514,0.498964842,0.003169517
0,10,0,0,0,0,0,0,0,0,16,0,0,4,0,0,0,0,0,0,0,0,0,0,0,0,0,10,0,0,0,60,0,0,0,0,0,0,0,0,0,0,0,0,0,0,0,164.2,0.013003189,19.87055259,0.156263866,-0.4928,14.1,20.41521213,42.6,41.772575,0.469696107,0.002973387
0,10,0,0,0,0,0,0,0,0,18,0,0,2,0,0,0,0,0,0,0,0,0,0,0,0,0,10,0,0,0,60,0,0,0,0,0,0,0,0,0,0,0,0,0,0,0,164.1,0.013121343,19.84679168,0.156990747,-0.4914,14,20.34346037,43.2,41.728631,0.470817185,0.002978743
0,17.5,0,0,0,0,0,0,0,0,12.45,0,0,0,0,0,0,0,0,57.6,0,0,0,0,0,0,0,12.45,0,0,0,0,0,0,0,0,0,0,0,0,0,0,0,0,0,0,0,167.81,0.019216317,21.88809701,0.189814955,-0.510305,13.9,19.19181933,41.3,40.89141229,0.449574225,0.002588443
0,10,0,0,0,0,0,61.2,0,0,23.8,0,0,5,0,0,0,0,0,0,0,0,0,0,0,0,0,0,0,0,0,0,0,0,0,0,0,0,0,0,0,0,0,0,0,0,0,164.85,0.012809312,20.0770233,0.154683402,-0.50986,13.9,18.82227908,35.7,32.12532584,0.455267609,0.002926513
0,10,0,0,0,0,0,0,0,0,20,0,0,0,0,0,0,0,0,0,0,0,0,0,0,0,0,10,0,0,0,60,0,0,0,0,0,0,0,0,0,0,0,0,0,0,0,164,0.013239126,19.82303077,0.157713624,-0.49,13.6,20.2722112,45.2,41.68477935,0.471942092,0.002984115
0,14,0,0,0,0,0,0,0,0,10,0,0,0,0,0,0,0,0,66,0,0,0,0,0,0,0,10,0,0,0,0,0,0,0,0,0,0,0,0,0,0,0,0,0,0,0,173.2,0.017248409,23.70574607,0.176145263,-0.5676,13.4,17.88058068,34.9,37.47651847,0.406968836,0.002302602
0,0,0,0,0,0,50,0,0,0,30,0,0,0,0,0,0,0,0,0,0,0,20,0,0,0,0,0,0,0,0,0,0,0,0,0,0,0,0,0,0,0,0,0,0,0,0,160.5,0.008106025,18.13374404,0.125734804,-0.568,12.6,11.68466272,29,27.77849825,0.413318627,0.003365549
0,14,0,0,0,0,0,0,0,0,11,0,0,0,0,0,0,0,0,64,0,0,0,0,0,0,0,11,0,0,0,0,0,0,0,0,0,0,0,0,0,0,0,0,0,0,0,172,0.017650385,23.29067885,0.179103742,-0.5515,12.5,18.23555133,39.1,38.3199411,0.418469962,0.002363466
0,10,0,0,0,0,0,68,0,0,20,0,0,2,0,0,0,0,0,0,0,0,0,0,0,0,0,0,0,0,0,0,0,0,0,0,0,0,0,0,0,0,0,0,0,0,0,168.1,0.011997901,21.14406,0.14751324,-0.5608,12.3,17.59691233,31.6,29.61111819,0.415757536,0.002709704
0,0,0,0,0,0,48,0,0,0,25,0,0,0,0,0,0,0,0,0,0,0,27,0,0,0,0,0,0,0,0,0,0,0,0,0,0,0,0,0,0,0,0,0,0,0,0,160.65,0.007418573,18.1194655,0.120513304,-0.5913,12.2,11.63391994,18.8,27.76157704,0.397172922,0.003363187
0,10,0,0,0,0,0,0,2,0,20,0,0,0,0,0,0,0,0,68,0,0,0,0,0,0,0,0,0,0,0,0,0,0,0,0,0,0,0,0,0,0,0,0,0,0,0,174.8,0.016010938,24.20580384,0.169123653,-0.5734,12,17.58986618,38.8,36.84437331,0.403709252,0.002234496
0,10,0,0,0,0,0,68,0,0,20,0,0,0,0,0,0,0,0,0,0,0,0,0,0,0,0,2,0,0,0,0,0,0,0,0,0,0,0,0,0,0,0,0,0,0,0,168,0.012130193,21.12029909,0.148332569,-0.5592,12,17.59095187,31.8,29.61685014,0.416846028,0.002714319
0,10,0,0,0,0,0,47.6,2,0,20,0,0,0,0,0,0,0,0,20.4,0,0,0,0,0,0,0,0,0,0,0,0,0,0,0,0,0,0,0,0,0,0,0,0,0,0,0,170.04,0.013460596,22.04595052,0.156327445,-0.56388,11.9,17.58986618,32.9,31.4687571,0.412413558,0.002553285
0,10,0,0,0,0,0,68,2,0,20,0,0,0,0,0,0,0,0,0,0,0,0,0,0,0,0,0,0,0,0,0,0,0,0,0,0,0,0,0,0,0,0,0,0,0,0,168,0.012130193,21.12029909,0.148332569,-0.5598,11.8,17.58986618,30.3,29.61685014,0.416400573,0.00271421
0,10,0,0,0,0,0,69,1,0,20,0,0,0,0,0,0,0,0,0,0,0,0,0,0,0,0,0,0,0,0,0,0,0,0,0,0,0,0,0,0,0,0,0,0,0,0,168.5,0.011951153,21.28245763,0.146906751,-0.5674,11.7,17.41193579,30.1,29.27096035,0.41094553,0.00268357
0,10,0,0,0,0,0,68,0,0,20,0,0,0,0,0,0,0,0,0,0,0,0,0,0,2,0,0,0,0,0,0,0,0,0,0,0,0,0,0,0,0,0,0,0,0,0,168.2,0.011890782,21.16958021,0.146809268,-0.5654,11.7,17.5098951,31.1,29.61111819,0.412450023,0.00270424
0,10,0,0,0,0,0,20.4,2,0,20,0,0,0,0,0,0,0,0,47.6,0,0,0,0,0,0,0,0,0,0,0,0,0,0,0,0,0,0,0,0,0,0,0,0,0,0,0,172.76,0.015011145,23.28015242,0.16451443,-0.56932,11.6,17.58986618,34.3,34.3309928,0.407340716,0.002362414
0,10,0,0,0,0,0,34,2,0,20,0,0,0,0,0,0,0,0,34,0,0,0,0,0,0,0,0,0,0,0,0,0,0,0,0,0,0,0,0,0,0,0,0,0,0,0,171.4,0.014267351,22.66305147,0.160739093,-0.5666,11.6,17.58986618,35.3,32.83762248,0.409843297,0.002454724
0,10,0,0,0,0,0,54.4,2,0,20,0,0,0,0,0,0,0,0,13.6,0,0,0,0,0,0,0,0,0,0,0,0,0,0,0,0,0,0,0,0,0,0,0,0,0,0,0,169.36,0.013033293,21.73740004,0.153858315,-0.56252,11.6,17.58986618,31.8,30.82624738,0.413724737,0.002605099
0,10,0,0,0,0,0,65,0,0,10,0,0,0,0,0,0,0,0,0,0,0,0,0,0,5,0,10,0,0,0,0,0,0,0,0,0,0,0,0,0,0,0,0,0,0,0,167,0.01203951,20.75702626,0.148618846,-0.55,11.6,18.18524443,29.8,30.84020791,0.423828933,0.002783659
0,10,0,0,0,0,0,69.5,0.5,0,20,0,0,0,0,0,0,0,0,0,0,0,0,0,0,0,0,0,0,0,0,0,0,0,0,0,0,0,0,0,0,0,0,0,0,0,0,168.75,0.011858328,21.3635369,0.146172005,-0.5712,11.6,17.32431369,31.3,29.10102755,0.408257824,0.002668468
0,10,0,0,0,0,0,69.8,0.2,0,20,0,0,0,0,0,0,0,0,0,0,0,0,0,0,0,0,0,0,0,0,0,0,0,0,0,0,0,0,0,0,0,0,0,0,0,0,168.9,0.011801579,21.41218446,0.145724106,-0.57348,11.5,17.27216246,27,29.00001167,0.406657781,0.002659476
0,10,0,0,0,0,0,70,0,0,10,0,0,0,0,0,0,0,0,0,0,0,0,0,0,0,0,10,0,0,0,0,0,0,0,0,0,0,0,0,0,0,0,0,0,0,0,169,0.011763308,21.44461617,0.145422553,-0.574,11.5,17.46869014,31.2,29.06654599,0.406312249,0.002653684
0,10,0,0,0,0,0,13.6,2,0,20,0,0,0,0,0,0,0,0,54.4,0,0,0,0,0,0,0,0,0,0,0,0,0,0,0,0,0,0,0,0,0,0,0,0,0,0,0,173.44,0.015359741,23.58870289,0.166184378,-0.57068,11.3,17.58986618,35.1,35.1297991,0.406114157,0.00231843
0,10,0,0,0,0,0,70,0,0,20,0,0,0,0,0,0,0,0,0,0,0,0,0,0,0,0,0,0,0,0,0,0,0,0,0,0,0,0,0,0,0,0,0,0,0,0,169,0.011763308,21.44461617,0.145422553,-0.575,11.3,17.23756906,29.2,28.93305646,0.405596291,0.002653509
0,10,0,0,0,0,0,6.8,2,0,20,0,0,0,0,0,0,0,0,61.2,0,0,0,0,0,0,0,0,0,0,0,0,0,0,0,0,0,0,0,0,0,0,0,0,0,0,0,174.12,0.015692966,23.89725337,0.167718688,-0.57204,11.2,17.58986618,34.4,35.96666384,0.404903751,0.002275811
0,10,0,0,0,0,0,27.2,2,0,20,0,0,0,0,0,0,0,0,40.8,0,0,0,0,0,0,0,0,0,0,0,0,0,0,0,0,0,0,0,0,0,0,0,0,0,0,0,172.08,0.014647056,22.97160194,0.162701899,-0.56796,11.2,17.58986618,35.8,33.56770647,0.408583677,0.002407823
0,0,0,0,0,0,55,0,0,0,20,0,0,0,0,0,0,0,0,0,0,0,25,0,0,0,0,0,0,0,0,0,0,0,0,0,0,0,0,0,0,0,0,0,0,0,0,163.5,0.006972943,19.03145414,0.115683672,-0.6425,10.8,10.7299737,22.6,25.42131498,0.364060833,0.003126239
0,0,0,0,0,0,0,0,0,0,5,0,0,0,0,0,0,0,0,0,0,0,17.5,0,0,0,0,0,0,0,0,0,0,0,0,0,0,0,0,0,0,0,0,0,62.5,15,0,162.625,0.005539571,18.56601409,0.102200154,-0.64075,10.4,12.82783628,19.8,37.66452919,0.366018151,0.003237528
0,0,0,0,0,0,0,0,0,0,10,0,0,0,0,0,0,0,0,0,0,0,20,0,0,0,0,0,0,0,0,0,0,0,0,0,0,50,0,0,0,0,0,0,0,20,0,170.5,0.015867121,22.67439262,0.175684056,-0.643,9,9.953575021,20.2,0.0002,0.358373031,0.00244129
0,0,0,0,0,0,65,0,0,0,0,0,0,0,0,0,0,0,0,0,9.69,0,8.31,0,0,0,0,0,0,0,0,0,0,0,0,0,0,0,0,0,0,0,0,0,0,17,0,166.4655,0.006840123,20.04310148,0.113115082,-0.765677,9,8.350661647,18.5,19.48572377,0.298878069,0.002881201
0,0,0,0,0,0,65,0,0,0,0,0,0,0,0,0,0,0,0,0,9.96,0,8.54,0,0,0,0,0,0,0,0,0,0,0,0,0,0,0,0,0,0,0,0,0,0,16.5,0,166.527,0.006774232,20.05856612,0.112580065,-0.768268,9,8.304760647,17.1,19.40061407,0.297729766,0.002877566
0,0,0,0,0,0,20,0,0,0,0,0,0,0,0,0,0,0,0,0,0,0,20,0,0,0,0,0,0,0,0,0,0,0,0,0,0,20,0,0,0,0,0,0,20,20,0,168,0.009569927,20.96636105,0.136516011,-0.698,8.9,10.37002304,17.5,0.000499994,0.330883977,0.00271708
0,0,0,0,0,0,0,0,0,0,5,0,0,0,0,0,0,0,0,0,0,0,20,0,0,0,0,0,0,0,0,0,0,0,0,0,0,40,0,0,0,0,0,0,20,15,0,172,0.012028321,22.78262048,0.152276754,-0.6955,7.9,9.797146617,17.6,0.000249999,0.330906105,0.002417001
0,0,0,0,0,0,0,0,0,0,5,0,0,0,0,0,0,0,0,0,0,0,20,0,0,0,0,0,0,0,0,0,0,0,0,0,0,60,0,0,0,0,0,0,0,15,0,177,0.013977298,24.99482531,0.161388213,-0.7255,7.8,8.72178717,15.3,0.000166666,0.314545349,0.002116476
0,0,0,0,0,0,0,0,0,0,0,0,0,0,0,0,0,0,0,0,0,0,18,0,0,0,0,0,0,0,0,0,0,0,0,0,0,60,0,0,0,0,0,0,0,22,0,176.7,0.014388155,24.91820187,0.163691066,-0.7312,7.7,8.766918062,14.6,0.000166666,0.311555117,0.002125001
0,0,0,0,0,0,0,0,0,0,0,0,0,0,0,0,0,0,0,0,5,0,15,0,0,0,0,0,0,0,0,0,0,0,0,0,0,60,0,0,0,0,0,0,0,20,0,176.75,0.014258948,24.92646949,0.163064497,-0.7545,7,8.081453954,16.1,0.000166666,0.300599662,0.0021212
0,0,0,0,0,0,20,0,0,0,0,0,0,0,0,0,0,0,0,0,11,0,9,0,0,0,0,0,0,0,0,0,0,0,0,0,0,20,0,0,0,0,0,0,20,20,0,167.45,0.010019917,20.81597825,0.139830908,-0.7343,6.3,8.609431406,12,0.000499992,0.312172159,0.002738042
